CASE	SAMPLE	TIME_POINT	CHROM	START	END	WIDTH	nMaj1_A	nMin1_A	frac1_A	nMaj2_A	nMin2_A	frac2_A	cnvkit_Log2	cnvkit_CN	EVENT	PIPELINE
12	012-13-01TD	T1	1	145095590	146391312	1295723	2	1	1	NA	NA	NA	NA	NA	CN Gain	Battenberg-ASCAT
12	012-13-01TD	T1	1	177170590	180227787	3057198	2	1	1	NA	NA	NA	NA	NA	CN Gain	Battenberg-ASCAT
12	012-13-01TD	T1	2	59156911	61872804	2715894	2	1	1	NA	NA	NA	NA	NA	CN Gain	Battenberg-ASCAT
12	012-13-01TD	T1	3	168537380	171595724	3058345	2	1	1	NA	NA	NA	NA	NA	CN Gain	Battenberg-ASCAT
12	012-13-01TD	T1	6	89770938	92746910	2975973	2	1	1	NA	NA	NA	NA	NA	CN Gain	Battenberg-ASCAT
12	012-13-01TD	T1	12	52551190	55188872	2637683	2	1	1	NA	NA	NA	NA	NA	CN Gain	Battenberg-ASCAT
12	012-02-1TD	T2	1	145095590	146391312	1295723	2	1	1	NA	NA	NA	NA	NA	CN Gain	Battenberg-ASCAT
12	012-02-1TD	T2	1	177170590	180227787	3057198	2	1	1	NA	NA	NA	NA	NA	CN Gain	Battenberg-ASCAT
12	012-02-1TD	T2	2	59156911	61872804	2715894	2	1	1	NA	NA	NA	NA	NA	CN Gain	Battenberg-ASCAT
12	012-02-1TD	T2	3	168537380	171595724	3058345	2	1	1	NA	NA	NA	NA	NA	CN Gain	Battenberg-ASCAT
12	012-02-1TD	T2	6	89770938	92746910	2975973	2	1	1	NA	NA	NA	NA	NA	CN Gain	Battenberg-ASCAT
12	012-02-1TD	T2	12	52551190	55188872	2637683	2	1	1	NA	NA	NA	NA	NA	CN Gain	Battenberg-ASCAT
12	012-11-01TD	T3	2	231097578	231319977	222400	1	0	1	NA	NA	NA	NA	NA	CN Loss	Battenberg-ASCAT
12	012-11-01TD	T3	11	102213353	103353874	1140522	1	0	1	NA	NA	NA	NA	NA	CN Loss	Battenberg-ASCAT
12	012-11-01TD	T3	13	48754024	51390842	2636819	1	0	1	NA	NA	NA	NA	NA	CN Loss	Battenberg-ASCAT
12	012-11-01TD	T3	13	51390987	51397440	6454	0	0	1	NA	NA	NA	NA	NA	CN Homozygous loss	Battenberg-ASCAT
12	012-11-01TD	T3	13	51399758	51693508	293751	1	0	1	NA	NA	NA	NA	NA	CN Loss	Battenberg-ASCAT
12	012-16-01TD	T4	1	145095590	146391312	1295723	2	1	1	NA	NA	NA	NA	NA	CN Gain	Battenberg-ASCAT
12	012-16-01TD	T4	1	177170590	180227787	3057198	1	1	0,303020593	2	1	0,696979407	NA	NA	CN Gain	Battenberg-ASCAT
12	012-16-01TD	T4	2	59156911	61872804	2715894	2	1	1	NA	NA	NA	NA	NA	CN Gain	Battenberg-ASCAT
12	012-16-01TD	T4	2	213170718	218309221	5138504	1	0	0,534608941	1	1	0,465391059	NA	NA	CN Loss	Battenberg-ASCAT
12	012-16-01TD	T4	2	218310661	225822764	7512104	1	0	0,833038892	1	1	0,166961108	NA	NA	CN Loss	Battenberg-ASCAT
12	012-16-01TD	T4	2	225822765	228589715	2766952	1	0	0,536537579	1	1	0,463462422	NA	NA	CN Loss	Battenberg-ASCAT
12	012-16-01TD	T4	2	228590678	230803167	2212490	1	0	0,841109149	1	1	0,158890851	NA	NA	CN Loss	Battenberg-ASCAT
12	012-16-01TD	T4	2	230805334	231408347	603014	1	0	0,525849182	1	1	0,474150818	NA	NA	CN Loss	Battenberg-ASCAT
12	012-16-01TD	T4	3	60596	5100899	5040304	1	0	0,551225855	1	1	0,448774145	NA	NA	CN Loss	Battenberg-ASCAT
12	012-16-01TD	T4	3	168537380	171595724	3058345	2	1	1	NA	NA	NA	NA	NA	CN Gain	Battenberg-ASCAT
12	012-16-01TD	T4	6	147750	14308619	14160870	1	1	0,452121239	2	1	0,547878762	NA	NA	CN Gain	Battenberg-ASCAT
12	012-16-01TD	T4	6	89770938	92746910	2975973	2	1	1	NA	NA	NA	NA	NA	CN Gain	Battenberg-ASCAT
12	012-16-01TD	T4	8	106759716	109996152	3236437	1	0	0,277435167	1	1	0,722564833	NA	NA	CN Loss	Battenberg-ASCAT
12	012-16-01TD	T4	9	203937	21125682	20921746	2	0	0,459213881	1	1	0,540786119	NA	NA	CNN-LOH	Battenberg-ASCAT
12	012-16-01TD	T4	9	21139375	21779622	640248	1	0	1	NA	NA	NA	NA	NA	CN Loss	Battenberg-ASCAT
12	012-16-01TD	T4	9	21780037	22198149	418113	0	0	1	NA	NA	NA	NA	NA	CN Homozygous loss	Battenberg-ASCAT
12	012-16-01TD	T4	9	22235055	37334609	15099555	2	0	0,434824539	1	1	0,565175462	NA	NA	CNN-LOH	Battenberg-ASCAT
12	012-16-01TD	T4	12	52551190	55188872	2637683	2	1	1	NA	NA	NA	NA	NA	CN Gain	Battenberg-ASCAT
12	012-17-01TD	T5-PB	1	145095590	146391312	1295723	2	1	1	NA	NA	NA	NA	NA	CN Gain	Battenberg-ASCAT
12	012-17-01TD	T5-PB	1	177170590	180227787	3057198	1	1	0,235498229	2	1	0,764501771	NA	NA	CN Gain	Battenberg-ASCAT
12	012-17-01TD	T5-PB	2	59156911	61872804	2715894	2	1	1	NA	NA	NA	NA	NA	CN Gain	Battenberg-ASCAT
12	012-17-01TD	T5-PB	2	213170718	218309221	5138504	1	0	0,772656472	1	1	0,227343528	NA	NA	CN Loss	Battenberg-ASCAT
12	012-17-01TD	T5-PB	2	218310661	225822764	7512104	1	0	0,293932007	1	1	0,706067993	NA	NA	CN Loss	Battenberg-ASCAT
12	012-17-01TD	T5-PB	2	225822765	228589715	2766952	1	0	0,759242144	1	1	0,240757856	NA	NA	CN Loss	Battenberg-ASCAT
12	012-17-01TD	T5-PB	2	228590678	230803167	2212490	1	0	0,259030953	1	1	0,740969047	NA	NA	CN Loss	Battenberg-ASCAT
12	012-17-01TD	T5-PB	2	230805334	231408347	603014	1	0	0,754027626	1	1	0,245972374	NA	NA	CN Loss	Battenberg-ASCAT
12	012-17-01TD	T5-PB	3	60596	5100899	5040304	1	0	0,77548993	1	1	0,22451007	NA	NA	CN Loss	Battenberg-ASCAT
12	012-17-01TD	T5-PB	3	168537380	171595724	3058345	2	1	1	NA	NA	NA	NA	NA	CN Gain	Battenberg-ASCAT
12	012-17-01TD	T5-PB	6	147750	14308619	14160870	1	1	0,43855989	2	1	0,56144011	NA	NA	CN Gain	Battenberg-ASCAT
12	012-17-01TD	T5-PB	6	89770938	92746910	2975973	2	1	1	NA	NA	NA	NA	NA	CN Gain	Battenberg-ASCAT
12	012-17-01TD	T5-PB	8	106759716	109996152	3236437	1	0	0,419068387	1	1	0,580931613	NA	NA	CN Loss	Battenberg-ASCAT
12	012-17-01TD	T5-PB	9	203937	21125682	20921746	2	0	0,794968878	1	1	0,205031123	NA	NA	CNN-LOH	Battenberg-ASCAT
12	012-17-01TD	T5-PB	9	21139375	21779622	640248	1	0	1	NA	NA	NA	NA	NA	CN Loss	Battenberg-ASCAT
12	012-17-01TD	T5-PB	9	21780037	22198149	418113	0	0	1	NA	NA	NA	NA	NA	CN Homozygous loss	Battenberg-ASCAT
12	012-17-01TD	T5-PB	9	22235055	37334609	15099555	2	0	0,794968878	1	1	0,205031123	NA	NA	CNN-LOH	Battenberg-ASCAT
12	012-17-01TD	T5-PB	12	52551190	55188872	2637683	2	1	1	NA	NA	NA	NA	NA	CN Gain	Battenberg-ASCAT
12	012-18-01TD	T5-BM	1	145095590	146391312	1295723	2	1	1	NA	NA	NA	NA	NA	CN Gain	Battenberg-ASCAT
12	012-18-01TD	T5-BM	1	177170590	180227787	3057198	2	1	1	NA	NA	NA	NA	NA	CN Gain	Battenberg-ASCAT
12	012-18-01TD	T5-BM	2	59156911	61872804	2715894	2	1	1	NA	NA	NA	NA	NA	CN Gain	Battenberg-ASCAT
12	012-18-01TD	T5-BM	2	213170718	218309221	5138504	1	0	0,843488509	1	1	0,156511491	NA	NA	CN Loss	Battenberg-ASCAT
12	012-18-01TD	T5-BM	2	218310661	225822764	7512104	1	0	1	NA	NA	NA	NA	NA	CN Loss	Battenberg-ASCAT
12	012-18-01TD	T5-BM	2	225822765	228589715	2766952	1	0	0,843161059	1	1	0,156838941	NA	NA	CN Loss	Battenberg-ASCAT
12	012-18-01TD	T5-BM	2	228590678	230803167	2212490	1	0	1	NA	NA	NA	NA	NA	CN Loss	Battenberg-ASCAT
12	012-18-01TD	T5-BM	2	230805334	231408347	603014	1	0	0,832226306	1	1	0,167773694	NA	NA	CN Loss	Battenberg-ASCAT
12	012-18-01TD	T5-BM	3	60596	5100899	5040304	1	0	0,849013875	1	1	0,150986125	NA	NA	CN Loss	Battenberg-ASCAT
12	012-18-01TD	T5-BM	3	168537380	171595724	3058345	2	1	1	NA	NA	NA	NA	NA	CN Gain	Battenberg-ASCAT
12	012-18-01TD	T5-BM	6	147750	14308619	14160870	2	1	1	NA	NA	NA	NA	NA	CN Gain	Battenberg-ASCAT
12	012-18-01TD	T5-BM	6	89770938	92746910	2975973	2	1	1	NA	NA	NA	NA	NA	CN Gain	Battenberg-ASCAT
12	012-18-01TD	T5-BM	8	106759716	109996152	3236437	1	0	0,367990523	1	1	0,632009477	NA	NA	CN Loss	Battenberg-ASCAT
12	012-18-01TD	T5-BM	9	203937	21125682	20921746	2	0	1	NA	NA	NA	NA	NA	CNN-LOH	Battenberg-ASCAT
12	012-18-01TD	T5-BM	9	21139375	21779622	640248	1	0	1	NA	NA	NA	NA	NA	CN Loss	Battenberg-ASCAT
12	012-18-01TD	T5-BM	9	21780037	22198149	418113	0	0	1	NA	NA	NA	NA	NA	CN Homozygous loss	Battenberg-ASCAT
12	012-18-01TD	T5-BM	9	22235055	37334609	15099555	2	0	1	NA	NA	NA	NA	NA	CNN-LOH	Battenberg-ASCAT
12	012-18-01TD	T5-BM	12	52551190	55188872	2637683	2	1	1	NA	NA	NA	NA	NA	CN Gain	Battenberg-ASCAT
12	012-19-01TD	T6-PB	1	764191	8225715	7461525	1	0	0,80953201	1	1	0,19046799	NA	NA	CN Loss	Battenberg-ASCAT
12	012-19-01TD	T6-PB	1	12137603	16176917	4039315	1	0	0,816553792	1	1	0,183446208	NA	NA	CN Loss	Battenberg-ASCAT
12	012-19-01TD	T6-PB	1	17275895	19304953	2029059	1	0	0,812694605	1	1	0,187305395	NA	NA	CN Loss	Battenberg-ASCAT
12	012-19-01TD	T6-PB	1	20099109	20717718	618610	1	0	0,824934815	1	1	0,175065185	NA	NA	CN Loss	Battenberg-ASCAT
12	012-19-01TD	T6-PB	1	29461855	52498370	23036516	1	0	0,82295389	1	1	0,17704611	NA	NA	CN Loss	Battenberg-ASCAT
12	012-19-01TD	T6-PB	1	52906583	82444375	29537793	1	0	0,817446495	1	1	0,182553505	NA	NA	CN Loss	Battenberg-ASCAT
12	012-19-01TD	T6-PB	1	86569316	87925943	1356628	1	0	0,846255757	1	1	0,153744243	NA	NA	CN Loss	Battenberg-ASCAT
12	012-19-01TD	T6-PB	1	88218579	90044453	1825875	1	0	0,799031431	1	1	0,200968569	NA	NA	CN Loss	Battenberg-ASCAT
12	012-19-01TD	T6-PB	1	90234257	110881432	20647176	1	0	0,823995088	1	1	0,176004912	NA	NA	CN Loss	Battenberg-ASCAT
12	012-19-01TD	T6-PB	1	145095590	146391312	1295723	2	1	1	NA	NA	NA	NA	NA	CN Gain	Battenberg-ASCAT
12	012-19-01TD	T6-PB	1	177170590	180227787	3057198	2	1	1	NA	NA	NA	NA	NA	CN Gain	Battenberg-ASCAT
12	012-19-01TD	T6-PB	2	59156911	61872804	2715894	2	1	1	NA	NA	NA	NA	NA	CN Gain	Battenberg-ASCAT
12	012-19-01TD	T6-PB	2	213170718	231408347	18237630	1	0	0,21335495	1	1	0,786645051	NA	NA	CN Loss	Battenberg-ASCAT
12	012-19-01TD	T6-PB	3	60596	5100899	5040304	1	0	0,169780458	1	1	0,830219542	NA	NA	CN Loss	Battenberg-ASCAT
12	012-19-01TD	T6-PB	3	168537380	171595724	3058345	2	1	1	NA	NA	NA	NA	NA	CN Gain	Battenberg-ASCAT
12	012-19-01TD	T6-PB	5	10996501	34691604	23695104	1	0	0,820460664	1	1	0,179539336	NA	NA	CN Loss	Battenberg-ASCAT
12	012-19-01TD	T6-PB	6	89770938	92746910	2975973	2	1	1	NA	NA	NA	NA	NA	CN Gain	Battenberg-ASCAT
12	012-19-01TD	T6-PB	9	203937	21125682	20921746	2	0	1	NA	NA	NA	NA	NA	CNN-LOH	Battenberg-ASCAT
12	012-19-01TD	T6-PB	9	21139375	21779622	640248	1	0	1	NA	NA	NA	NA	NA	CN Loss	Battenberg-ASCAT
12	012-19-01TD	T6-PB	9	21780037	22198149	418113	0	0	1	NA	NA	NA	NA	NA	CN Homozygous loss	Battenberg-ASCAT
12	012-19-01TD	T6-PB	9	22235055	37334609	15099555	2	0	1	NA	NA	NA	NA	NA	CNN-LOH	Battenberg-ASCAT
12	012-19-01TD	T6-PB	11	196944	34232314	34035371	1	0	0,824889744	1	1	0,175110256	NA	NA	CN Loss	Battenberg-ASCAT
12	012-19-01TD	T6-PB	12	52551190	55188872	2637683	2	1	1	NA	NA	NA	NA	NA	CN Gain	Battenberg-ASCAT
12	012-19-01TD	T6-PB	14	74227246	106324696	32097451	1	0	0,804347537	1	1	0,195652463	NA	NA	CN Loss	Battenberg-ASCAT
12	012-15-01TD	T6-BM	1	764191	8225715	7461525	1	0	1	NA	NA	NA	NA	NA	CN Loss	Battenberg-ASCAT
12	012-15-01TD	T6-BM	1	12137603	16176917	4039315	1	0	1	NA	NA	NA	NA	NA	CN Loss	Battenberg-ASCAT
12	012-15-01TD	T6-BM	1	17275895	19304953	2029059	1	0	1	NA	NA	NA	NA	NA	CN Loss	Battenberg-ASCAT
12	012-15-01TD	T6-BM	1	20099109	20717718	618610	1	0	1	NA	NA	NA	NA	NA	CN Loss	Battenberg-ASCAT
12	012-15-01TD	T6-BM	1	29461855	52498370	23036516	1	0	1	NA	NA	NA	NA	NA	CN Loss	Battenberg-ASCAT
12	012-15-01TD	T6-BM	1	52906583	82444375	29537793	1	0	1	NA	NA	NA	NA	NA	CN Loss	Battenberg-ASCAT
12	012-15-01TD	T6-BM	1	86569316	87925943	1356628	1	0	1	NA	NA	NA	NA	NA	CN Loss	Battenberg-ASCAT
12	012-15-01TD	T6-BM	1	88218579	90044453	1825875	1	0	1	NA	NA	NA	NA	NA	CN Loss	Battenberg-ASCAT
12	012-15-01TD	T6-BM	1	90234257	110881432	20647176	1	0	1	NA	NA	NA	NA	NA	CN Loss	Battenberg-ASCAT
12	012-15-01TD	T6-BM	1	145095590	146391312	1295723	2	1	1	NA	NA	NA	NA	NA	CN Gain	Battenberg-ASCAT
12	012-15-01TD	T6-BM	1	177170590	180227787	3057198	2	1	1	NA	NA	NA	NA	NA	CN Gain	Battenberg-ASCAT
12	012-15-01TD	T6-BM	2	59156911	61872804	2715894	2	1	1	NA	NA	NA	NA	NA	CN Gain	Battenberg-ASCAT
12	012-15-01TD	T6-BM	3	168537380	171595724	3058345	2	1	1	NA	NA	NA	NA	NA	CN Gain	Battenberg-ASCAT
12	012-15-01TD	T6-BM	5	10996501	34691604	23695104	1	0	1	NA	NA	NA	NA	NA	CN Loss	Battenberg-ASCAT
12	012-15-01TD	T6-BM	6	89770938	92746910	2975973	2	1	1	NA	NA	NA	NA	NA	CN Gain	Battenberg-ASCAT
12	012-15-01TD	T6-BM	9	203937	21125682	20921746	2	0	1	NA	NA	NA	NA	NA	CNN-LOH	Battenberg-ASCAT
12	012-15-01TD	T6-BM	9	21139375	21779622	640248	1	0	1	NA	NA	NA	NA	NA	CN Loss	Battenberg-ASCAT
12	012-15-01TD	T6-BM	9	21780037	22198149	418113	0	0	1	NA	NA	NA	NA	NA	CN Homozygous loss	Battenberg-ASCAT
12	012-15-01TD	T6-BM	9	22235055	37334609	15099555	2	0	1	NA	NA	NA	NA	NA	CNN-LOH	Battenberg-ASCAT
12	012-15-01TD	T6-BM	11	196944	34232314	34035371	1	0	1	NA	NA	NA	NA	NA	CN Loss	Battenberg-ASCAT
12	012-15-01TD	T6-BM	12	52551190	55188872	2637683	2	1	1	NA	NA	NA	NA	NA	CN Gain	Battenberg-ASCAT
12	012-15-01TD	T6-BM	14	74227246	106324696	32097451	1	0	1	NA	NA	NA	NA	NA	CN Loss	Battenberg-ASCAT
19	019-19-01TD	T4	13	48726770	52426514	3699745	1	0	0,94340764	1	1	0,05659236	NA	NA	CN Loss	Battenberg-ASCAT
19	019-19-01TD	T4	17	1880	9457631	9455752	2	0	1	NA	NA	NA	NA	NA	CNN-LOH	Battenberg-ASCAT
19	019-19-01TD	T4	17	9467552	18775565	9308014	2	0	0,213670008	1	1	0,786329992	NA	NA	CNN-LOH	Battenberg-ASCAT
19	019-19-01TD	T4	17	18777969	21258133	2480165	2	0	0,070481815	1	1	0,929518185	NA	NA	CNN-LOH	Battenberg-ASCAT
19	019-12-02TD	T5	13	48726770	52426514	3699745	1	0	1	NA	NA	NA	NA	NA	CN Loss	Battenberg-ASCAT
19	019-12-02TD	T5	17	1880	9488707	9486828	2	0	1	NA	NA	NA	NA	NA	CNN-LOH	Battenberg-ASCAT
19	019-12-02TD	T5	17	9488860	18762976	9274117	2	0	0,20059929	1	1	0,79940071	NA	NA	CNN-LOH	Battenberg-ASCAT
19	019-12-02TD	T5	17	18764385	21702807	2938423	2	0	0,065943174	1	1	0,934056826	NA	NA	CNN-LOH	Battenberg-ASCAT
19	019-15-01TD	T6	6	85391544	86368164	976621	1	0	1	NA	NA	NA	NA	NA	CN Loss	Battenberg-ASCAT
19	019-15-01TD	T6	7	90323764	90763408	439645	1	0	1	NA	NA	NA	NA	NA	CN Loss	Battenberg-ASCAT
19	019-15-01TD	T6	8	159286	70389253	70229968	1	0	1	NA	NA	NA	NA	NA	CN Loss	Battenberg-ASCAT
19	019-15-01TD	T6	8	75125542	75218237	92696	1	0	1	NA	NA	NA	NA	NA	CN Loss	Battenberg-ASCAT
19	019-15-01TD	T6	8	102236416	102374685	138270	1	0	1	NA	NA	NA	NA	NA	CN Loss	Battenberg-ASCAT
19	019-15-01TD	T6	8	103581619	103641435	59817	1	0	1	NA	NA	NA	NA	NA	CN Loss	Battenberg-ASCAT
19	019-15-01TD	T6	8	104487840	107228322	2740483	1	0	1	NA	NA	NA	NA	NA	CN Loss	Battenberg-ASCAT
19	019-15-01TD	T6	8	110903575	112290731	1387157	1	0	1	NA	NA	NA	NA	NA	CN Loss	Battenberg-ASCAT
19	019-15-01TD	T6	8	128149517	128389891	240375	2	1	1	NA	NA	NA	NA	NA	CN Gain	Battenberg-ASCAT
19	019-15-01TD	T6	9	1921695	4482599	2560905	1	0	1	NA	NA	NA	NA	NA	CN Loss	Battenberg-ASCAT
19	019-15-01TD	T6	9	5364941	18761368	13396428	1	0	1	NA	NA	NA	NA	NA	CN Loss	Battenberg-ASCAT
19	019-15-01TD	T6	9	18793910	21221406	2427497	1	0	1	NA	NA	NA	NA	NA	CN Loss	Battenberg-ASCAT
19	019-15-01TD	T6	9	21231188	27693204	6462017	1	0	1	NA	NA	NA	NA	NA	CN Loss	Battenberg-ASCAT
19	019-15-01TD	T6	9	29023122	32367887	3344766	1	0	1	NA	NA	NA	NA	NA	CN Loss	Battenberg-ASCAT
19	019-15-01TD	T6	10	73590657	76658330	3067674	1	0	1	NA	NA	NA	NA	NA	CN Loss	Battenberg-ASCAT
19	019-15-01TD	T6	10	120120538	130264979	10144442	1	0	1	NA	NA	NA	NA	NA	CN Loss	Battenberg-ASCAT
19	019-15-01TD	T6	12	207691	70247586	70039896	1	0	1	NA	NA	NA	NA	NA	CN Loss	Battenberg-ASCAT
19	019-15-01TD	T6	12	130825855	130852650	26796	1	0	1	NA	NA	NA	NA	NA	CN Loss	Battenberg-ASCAT
19	019-15-01TD	T6	12	131777701	133841466	2063766	1	0	1	NA	NA	NA	NA	NA	CN Loss	Battenberg-ASCAT
19	019-15-01TD	T6	13	25986347	28966067	2979721	1	0	1	NA	NA	NA	NA	NA	CN Loss	Battenberg-ASCAT
19	019-15-01TD	T6	13	48737123	53061070	4323948	0	0	1	NA	NA	NA	NA	NA	CN Homozygous loss	Battenberg-ASCAT
19	019-15-01TD	T6	16	49125027	53336752	4211726	1	0	1	NA	NA	NA	NA	NA	CN Loss	Battenberg-ASCAT
19	019-15-01TD	T6	16	53412161	56734322	3322162	1	0	1	NA	NA	NA	NA	NA	CN Loss	Battenberg-ASCAT
19	019-15-01TD	T6	17	1880	21751486	21749607	2	0	1	NA	NA	NA	NA	NA	CNN-LOH	Battenberg-ASCAT
19	019-15-01TD	T6	18	35020452	35941475	921024	1	0	1	NA	NA	NA	NA	NA	CN Loss	Battenberg-ASCAT
63	063-0127-01TD	T1-PB	11	106417572	108120439	1702868	1	0	1	NA	NA	NA	NA	NA	CN Loss	Battenberg-ASCAT
63	063-0127-01TD	T1-PB	11	110210385	116153482	5943098	1	0	1	NA	NA	NA	NA	NA	CN Loss	Battenberg-ASCAT
63	063-09-01TD	T1-LN	11	106417572	108120439	1702868	1	0	1	NA	NA	NA	NA	NA	CN Loss	Battenberg-ASCAT
63	063-09-01TD	T1-LN	11	110210385	116153482	5943098	1	0	1	NA	NA	NA	NA	NA	CN Loss	Battenberg-ASCAT
63	063-02-1TD	T2	1	222650837	237709691	15058855	1	0	0,168841472	1	1	0,831158528	NA	NA	CN Loss	Battenberg-ASCAT
63	063-02-1TD	T2	11	106417572	108120439	1702868	1	0	1	NA	NA	NA	NA	NA	CN Loss	Battenberg-ASCAT
63	063-02-1TD	T2	11	110210385	116153482	5943098	1	0	1	NA	NA	NA	NA	NA	CN Loss	Battenberg-ASCAT
63	063-02-1TD	T2	13	47841995	57220203	9378209	1	0	0,175196601	1	1	0,824803399	NA	NA	CN Loss	Battenberg-ASCAT
63	063-08-04BD	T3	4	81303	40291480	40210178	2	0	1	NA	NA	NA	NA	NA	CNN-LOH	Battenberg-ASCAT
63	063-08-04BD	T3	4	40303553	190778694	150475142	2	1	1	NA	NA	NA	NA	NA	CN Gain	Battenberg-ASCAT
63	063-08-04BD	T3	9	8499309	31605182	23105874	1	0	1	NA	NA	NA	NA	NA	CN Loss	Battenberg-ASCAT
63	063-08-04BD	T3	9	131209484	131752005	542522	1	0	1	NA	NA	NA	NA	NA	CN Loss	Battenberg-ASCAT
63	063-08-04BD	T3	11	196944	106417573	106220630	2	1	1	NA	NA	NA	NA	NA	CN Gain	Battenberg-ASCAT
63	063-08-04BD	T3	11	106417574	108120439	1702868	1	0	1	NA	NA	NA	NA	NA	CN Loss	Battenberg-ASCAT
63	063-08-04BD	T3	11	108123189	110190805	2067617	2	1	1	NA	NA	NA	NA	NA	CN Gain	Battenberg-ASCAT
63	063-08-04BD	T3	11	110210385	116153482	5943098	1	0	1	NA	NA	NA	NA	NA	CN Loss	Battenberg-ASCAT
63	063-08-04BD	T3	11	116153483	118575693	2422212	2	1	1	NA	NA	NA	NA	NA	CN Gain	Battenberg-ASCAT
63	063-08-04BD	T3	11	118576997	118843448	266452	1	0	1	NA	NA	NA	NA	NA	CN Loss	Battenberg-ASCAT
63	063-08-04BD	T3	11	118845546	134944606	16099061	2	1	1	NA	NA	NA	NA	NA	CN Gain	Battenberg-ASCAT
63	063-08-04BD	T3	13	26929648	27115672	186025	1	0	1	NA	NA	NA	NA	NA	CN Loss	Battenberg-ASCAT
63	063-08-04BD	T3	13	47841995	57220203	9378209	1	0	1	NA	NA	NA	NA	NA	CN Loss	Battenberg-ASCAT
63	063-08-04BD	T3	15	20001861	102431002	82429142	1	1	0,248215176	2	1	0,751784824	NA	NA	CN Gain	Battenberg-ASCAT
63	063-08-04BD	T3	16	84170	89985844	89901675	2	1	1	NA	NA	NA	NA	NA	CN Gain	Battenberg-ASCAT
63	063-08-04BD	T3	17	1897	20342346	20340450	1	0	1	NA	NA	NA	NA	NA	CN Loss	Battenberg-ASCAT
63	063-08-04BD	T3	20	68749	62955706	62886958	2	1	1	NA	NA	NA	NA	NA	CN Gain	Battenberg-ASCAT
63	063-08-04BD	T3	X	2699555	154929412	152229858	2	0	1	NA	NA	NA	NA	NA	CNN-LOH	Battenberg-ASCAT
102	102-0202-1DVT	T2	1	695779	7765932	7070154	NA	NA	NA	NA	NA	NA	-0,4132	1	CN Loss	CNVkit
102	102-0202-1DVT	T2	1	10671031	28029910	17358880	NA	NA	NA	NA	NA	NA	-0,3889	1	CN Loss	CNVkit
102	102-0202-1DVT	T2	1	29386022	40130566	10744545	NA	NA	NA	NA	NA	NA	-0,4098	1	CN Loss	CNVkit
102	102-0202-1DVT	T2	1	40130567	40701939	571374	NA	NA	NA	NA	NA	NA	1,5861	7	CN High copy gain	CNVkit
102	102-0202-1DVT	T2	1	41583119	42271340	688222	NA	NA	NA	NA	NA	NA	1,1021	5	CN High copy gain	CNVkit
102	102-0202-1DVT	T2	1	42486812	44034773	1547962	NA	NA	NA	NA	NA	NA	0,3573	3	CN Gain	CNVkit
102	102-0202-1DVT	T2	1	44034774	44540755	505983	NA	NA	NA	NA	NA	NA	-0,391	1	CN Loss	CNVkit
102	102-0202-1DVT	T2	1	44680114	46725481	2045368	NA	NA	NA	NA	NA	NA	0,402	3	CN Gain	CNVkit
102	102-0202-1DVT	T2	1	49221086	50201962	980877	NA	NA	NA	NA	NA	NA	-0,5562	1	CN Loss	CNVkit
102	102-0202-1DVT	T2	1	60443806	61193130	749325	NA	NA	NA	NA	NA	NA	-0,4974	1	CN Loss	CNVkit
102	102-0202-1DVT	T2	1	66354788	67110545	755758	NA	NA	NA	NA	NA	NA	-0,4376	1	CN Loss	CNVkit
102	102-0202-1DVT	T2	1	68236140	72766392	4530253	NA	NA	NA	NA	NA	NA	-0,4034	1	CN Loss	CNVkit
102	102-0202-1DVT	T2	1	208487932	210078779	1590848	NA	NA	NA	NA	NA	NA	-0,3216	1	CN Loss	CNVkit
102	102-0202-1DVT	T2	2	17101637	17739538	637902	NA	NA	NA	NA	NA	NA	-0,4936	1	CN Loss	CNVkit
102	102-0202-1DVT	T2	2	21370002	23375725	2005724	NA	NA	NA	NA	NA	NA	-0,3715	1	CN Loss	CNVkit
102	102-0202-1DVT	T2	2	32026812	32913361	886550	NA	NA	NA	NA	NA	NA	0,4475	3	CN Gain	CNVkit
102	102-0202-1DVT	T2	2	34319833	36726486	2406654	NA	NA	NA	NA	NA	NA	-0,3304	1	CN Loss	CNVkit
102	102-0202-1DVT	T2	2	40104376	41879618	1775243	NA	NA	NA	NA	NA	NA	-0,428	1	CN Loss	CNVkit
102	102-0202-1DVT	T2	2	48902329	53770307	4867979	NA	NA	NA	NA	NA	NA	-0,5216	1	CN Loss	CNVkit
102	102-0202-1DVT	T2	2	53927892	55906815	1978924	NA	NA	NA	NA	NA	NA	0,3752	3	CN Gain	CNVkit
102	102-0202-1DVT	T2	2	56048320	60222711	4174392	NA	NA	NA	NA	NA	NA	-0,3669	1	CN Loss	CNVkit
102	102-0202-1DVT	T2	2	75479499	84886350	9406852	NA	NA	NA	NA	NA	NA	-0,3353	1	CN Loss	CNVkit
102	102-0202-1DVT	T2	2	137311025	168948306	31637282	NA	NA	NA	NA	NA	NA	-0,4709	1	CN Loss	CNVkit
102	102-0202-1DVT	T2	2	198628789	200235718	1606930	NA	NA	NA	NA	NA	NA	-0,3221	1	CN Loss	CNVkit
102	102-0202-1DVT	T2	2	203245896	204395081	1149186	NA	NA	NA	NA	NA	NA	0,4742	3	CN Gain	CNVkit
102	102-0202-1DVT	T2	2	211162622	214199600	3036979	NA	NA	NA	NA	NA	NA	-0,4359	1	CN Loss	CNVkit
102	102-0202-1DVT	T2	2	229644986	230153114	508129	NA	NA	NA	NA	NA	NA	-0,3727	1	CN Loss	CNVkit
102	102-0202-1DVT	T2	4	38973632	39909501	935870	NA	NA	NA	NA	NA	NA	0,3505	3	CN Gain	CNVkit
102	102-0202-1DVT	T2	4	42572385	47596917	5024533	NA	NA	NA	NA	NA	NA	-0,414	1	CN Loss	CNVkit
102	102-0202-1DVT	T2	4	129859616	137241425	7381810	NA	NA	NA	NA	NA	NA	-0,7457	1	CN Loss	CNVkit
102	102-0202-1DVT	T2	7	8350359	20689083	12338725	NA	NA	NA	NA	NA	NA	-0,3047	1	CN Loss	CNVkit
102	102-0202-1DVT	T2	7	136009012	137543043	1534032	NA	NA	NA	NA	NA	NA	-0,3547	1	CN Loss	CNVkit
102	102-0202-1DVT	T2	8	7206637	8088580	881944	NA	NA	NA	NA	NA	NA	-1,2698	0	CN Homozygous loss	CNVkit
102	102-0202-1DVT	T2	9	7369355	12724050	5354696	NA	NA	NA	NA	NA	NA	-0,4314	1	CN Loss	CNVkit
102	102-0202-1DVT	T2	9	21517756	32309690	10791935	NA	NA	NA	NA	NA	NA	-0,3992	1	CN Loss	CNVkit
102	102-0202-1DVT	T2	11	4276546	5540438	1263893	NA	NA	NA	NA	NA	NA	-0,3396	1	CN Loss	CNVkit
102	102-0202-1DVT	T2	11	20837934	30881539	10043606	NA	NA	NA	NA	NA	NA	-0,4193	1	CN Loss	CNVkit
102	102-0202-1DVT	T2	11	36606040	43269616	6663577	NA	NA	NA	NA	NA	NA	-0,3575	1	CN Loss	CNVkit
102	102-0202-1DVT	T2	11	108592826	109765578	1172753	NA	NA	NA	NA	NA	NA	-0,4108	1	CN Loss	CNVkit
102	102-0202-1DVT	T2	12	44629372	45198600	569229	NA	NA	NA	NA	NA	NA	-0,4726	1	CN Loss	CNVkit
102	102-0202-1DVT	T2	12	58522403	62815735	4293333	NA	NA	NA	NA	NA	NA	-0,3666	1	CN Loss	CNVkit
102	102-0202-1DVT	T2	12	71140834	93181013	22040180	NA	NA	NA	NA	NA	NA	-0,3395	1	CN Loss	CNVkit
102	102-0202-1DVT	T2	12	97191339	100348359	3157021	NA	NA	NA	NA	NA	NA	-0,375	1	CN Loss	CNVkit
102	102-0202-1DVT	T2	12	102580249	104069247	1488999	NA	NA	NA	NA	NA	NA	-0,3253	1	CN Loss	CNVkit
102	102-0202-1DVT	T2	13	46732096	63907572	17175477	NA	NA	NA	NA	NA	NA	-0,6519	1	CN Loss	CNVkit
102	102-0202-1DVT	T2	14	25119028	31062164	5943137	NA	NA	NA	NA	NA	NA	-0,4126	1	CN Loss	CNVkit
102	102-0202-1DVT	T2	14	31275491	31926192	650702	NA	NA	NA	NA	NA	NA	0,4301	3	CN Gain	CNVkit
102	102-0202-1DVT	T2	14	38482509	49957137	11474629	NA	NA	NA	NA	NA	NA	-0,3801	1	CN Loss	CNVkit
102	102-0202-1DVT	T2	14	53834541	54772536	937996	NA	NA	NA	NA	NA	NA	-0,3222	1	CN Loss	CNVkit
102	102-0202-1DVT	T2	14	62377264	63256299	879036	NA	NA	NA	NA	NA	NA	-0,4143	1	CN Loss	CNVkit
102	102-0202-1DVT	T2	14	63944519	64968274	1023756	NA	NA	NA	NA	NA	NA	0,3134	3	CN Gain	CNVkit
102	102-0202-1DVT	T2	15	20255416	22286741	2031326	NA	NA	NA	NA	NA	NA	0,6395	3	CN Gain	CNVkit
102	102-0202-1DVT	T2	16	46456668	47802039	1345372	NA	NA	NA	NA	NA	NA	0,5569	3	CN Gain	CNVkit
102	102-0202-1DVT	T2	16	50275165	50910866	635702	NA	NA	NA	NA	NA	NA	0,3604	3	CN Gain	CNVkit
102	102-0202-1DVT	T2	16	59627374	64909163	5281790	NA	NA	NA	NA	NA	NA	-0,3388	1	CN Loss	CNVkit
102	102-0202-1DVT	T2	16	66150550	68379257	2228708	NA	NA	NA	NA	NA	NA	0,4515	3	CN Gain	CNVkit
102	102-0202-1DVT	T2	16	73071442	75976587	2905146	NA	NA	NA	NA	NA	NA	0,4724	3	CN Gain	CNVkit
102	102-0202-1DVT	T2	16	80252832	88235013	7982182	NA	NA	NA	NA	NA	NA	0,3509	3	CN Gain	CNVkit
102	102-0202-1DVT	T2	16	88235014	89399759	1164747	NA	NA	NA	NA	NA	NA	-0,55	1	CN Loss	CNVkit
102	102-0202-1DVT	T2	17	0	17889626	17889627	NA	NA	NA	NA	NA	NA	-0,8032	1	CN Loss	CNVkit
102	102-0202-1DVT	T2	17	19509427	20741163	1231737	NA	NA	NA	NA	NA	NA	0,4176	3	CN Gain	CNVkit
102	102-0202-1DVT	T2	17	49934593	51588719	1654127	NA	NA	NA	NA	NA	NA	-0,5173	1	CN Loss	CNVkit
102	102-0202-1DVT	T2	17	56803024	59072490	2269467	NA	NA	NA	NA	NA	NA	0,404	3	CN Gain	CNVkit
102	102-0202-1DVT	T2	18	24483913	26552886	2068974	NA	NA	NA	NA	NA	NA	-0,338	1	CN Loss	CNVkit
102	102-0202-1DVT	T2	18	27882174	28406385	524212	NA	NA	NA	NA	NA	NA	-0,3714	1	CN Loss	CNVkit
102	102-0202-1DVT	T2	18	35433387	43116458	7683072	NA	NA	NA	NA	NA	NA	-0,4265	1	CN Loss	CNVkit
102	102-0202-1DVT	T2	19	19839503	24385266	4545764	NA	NA	NA	NA	NA	NA	0,349	3	CN Gain	CNVkit
102	102-0202-1DVT	T2	20	37780426	39003597	1223172	NA	NA	NA	NA	NA	NA	-0,307	1	CN Loss	CNVkit
102	102-0202-1DVT	T2	X	41702276	43327487	1625212	NA	NA	NA	NA	NA	NA	-0,4086	1	CN Loss	CNVkit
102	102-0202-1DVT	T2	X	61927096	155259487	93332392	NA	NA	NA	NA	NA	NA	-0,3058	1	CN Loss	CNVkit
365	365-1951-01TD	T1	11	89273380	99094400	9821021	1	0	0,220440025	1	1	0,779559975	NA	NA	CN Loss	Battenberg-ASCAT
365	365-1951-01TD	T1	11	99102301	106318163	7215863	1	0	0,598537478	1	1	0,401462522	NA	NA	CN Loss	Battenberg-ASCAT
365	365-1951-01TD	T1	11	106318588	114359803	8041216	1	0	0,376762567	1	1	0,623237433	NA	NA	CN Loss	Battenberg-ASCAT
365	365-1951-01TD	T1	11	114361029	114856715	495687	1	0	0,592531666	1	1	0,407468334	NA	NA	CN Loss	Battenberg-ASCAT
365	365-16-01TD	T2	8	48446464	146300622	97854159	1	1	0,473961662	2	1	0,526038339	NA	NA	CN Gain	Battenberg-ASCAT
365	365-16-01TD	T2	11	78077512	89273380	11195869	1	0	0,507038567	1	1	0,492961433	NA	NA	CN Loss	Battenberg-ASCAT
365	365-16-01TD	T2	11	89273381	114856715	25583336	1	0	0,861084722	1	1	0,138915278	NA	NA	CN Loss	Battenberg-ASCAT
365	365-11-01BD	T3	1	24108683	28478178	4369496	1	0	0,869860073	1	1	0,130139927	NA	NA	CN Loss	Battenberg-ASCAT
365	365-11-01BD	T3	3	60348943	60488291	139349	1	0	0,863996613	1	1	0,136003387	NA	NA	CN Loss	Battenberg-ASCAT
365	365-11-01BD	T3	7	26646622	26839660	193039	1	1	0,077637312	2	1	0,922362688	NA	NA	CN Gain	Battenberg-ASCAT
365	365-11-01BD	T3	11	89273380	114856715	25583336	1	0	0,867233708	1	1	0,132766292	NA	NA	CN Loss	Battenberg-ASCAT
816	816-01-1TD	T1	2	15959	89161547	89145589	2	1	1	NA	NA	NA	NA	NA	CN Gain	Battenberg-ASCAT
816	816-01-1TD	T1	3	60065566	60435977	370412	1	0	1	NA	NA	NA	NA	NA	CN Loss	Battenberg-ASCAT
816	816-01-1TD	T1	17	1869	20946559	20944691	2	0	1	NA	NA	NA	NA	NA	CNN-LOH	Battenberg-ASCAT
816	816-08-01TD	T2	2	15959	89161547	89145589	2	1	1	NA	NA	NA	NA	NA	CN Gain	Battenberg-ASCAT
816	816-08-01TD	T2	3	60065566	60435977	370412	1	0	1	NA	NA	NA	NA	NA	CN Loss	Battenberg-ASCAT
816	816-08-01TD	T2	17	1869	20946559	20944691	2	0	1	NA	NA	NA	NA	NA	CNN-LOH	Battenberg-ASCAT
816	816-06-01TD	T3	1	234231285	241131182	6899898	1	0	1	NA	NA	NA	NA	NA	CN Loss	Battenberg-ASCAT
816	816-06-01TD	T3	2	1605849	64929212	63323364	2	1	1	NA	NA	NA	NA	NA	CN Gain	Battenberg-ASCAT
816	816-06-01TD	T3	2	65208248	76130986	10922739	1	0	1	NA	NA	NA	NA	NA	CN Loss	Battenberg-ASCAT
816	816-06-01TD	T3	2	101856384	103460719	1604336	1	0	1	NA	NA	NA	NA	NA	CN Loss	Battenberg-ASCAT
816	816-06-01TD	T3	2	150425265	152550378	2125114	1	0	1	NA	NA	NA	NA	NA	CN Loss	Battenberg-ASCAT
816	816-06-01TD	T3	3	60065566	60435977	370412	1	0	1	NA	NA	NA	NA	NA	CN Loss	Battenberg-ASCAT
816	816-06-01TD	T3	3	188918666	191681640	2762975	1	0	0,695724272	1	1	0,304275728	NA	NA	CN Loss	Battenberg-ASCAT
816	816-06-01TD	T3	6	209980	170921585	170711606	2	1	1	NA	NA	NA	NA	NA	CN Gain	Battenberg-ASCAT
816	816-06-01TD	T3	9	1917561	2945691	1028131	1	0	1	NA	NA	NA	NA	NA	CN Loss	Battenberg-ASCAT
816	816-06-01TD	T3	9	6928539	21765330	14836792	1	0	1	NA	NA	NA	NA	NA	CN Loss	Battenberg-ASCAT
816	816-06-01TD	T3	9	21767007	22558421	791415	0	0	0,904781583	1	0	0,095218417	NA	NA	CN Homozygous loss	Battenberg-ASCAT
816	816-06-01TD	T3	9	22558979	32458964	9899986	1	0	1	NA	NA	NA	NA	NA	CN Loss	Battenberg-ASCAT
816	816-06-01TD	T3	9	44867620	71307004	26439385	1	0	1	NA	NA	NA	NA	NA	CN Loss	Battenberg-ASCAT
816	816-06-01TD	T3	9	72879966	77923401	5043436	1	0	1	NA	NA	NA	NA	NA	CN Loss	Battenberg-ASCAT
816	816-06-01TD	T3	9	102732237	104619905	1887669	1	0	1	NA	NA	NA	NA	NA	CN Loss	Battenberg-ASCAT
816	816-06-01TD	T3	17	1869	20946559	20944691	2	0	1	NA	NA	NA	NA	NA	CNN-LOH	Battenberg-ASCAT
835	835-02-03TD	T1-PB	8	11072	33463036	33451965	NA	NA	NA	NA	NA	NA	-0,5818	1	CN Loss	CNVkit
835	835-02-03TD	T1-PB	11	78749223	80759166	2009944	NA	NA	NA	NA	NA	NA	-0,5952	1	CN Loss	CNVkit
835	835-02-03TD	T1-PB	11	103684205	105571971	1887767	NA	NA	NA	NA	NA	NA	-0,5745	1	CN Loss	CNVkit
835	835-02-03TD	T1-PB	11	106725428	108554235	1828808	NA	NA	NA	NA	NA	NA	-0,5668	1	CN Loss	CNVkit
835	835-02-03TD	T1-PB	11	110359458	114396555	4037098	NA	NA	NA	NA	NA	NA	-0,5889	1	CN Loss	CNVkit
835	835-02-03TD	T1-PB	11	127092078	128031138	939061	NA	NA	NA	NA	NA	NA	-0,5774	1	CN Loss	CNVkit
835	835-02-03TD	T1-PB	15	21278866	21945060	666195	NA	NA	NA	NA	NA	NA	-0,7274	1	CN Loss	CNVkit
835	835-02-03TD	T1-PB	15	41414125	42627625	1213501	NA	NA	NA	NA	NA	NA	-0,5675	1	CN Loss	CNVkit
835	835-02-03TD	T1-PB	22	17050244	51237061	34186818	NA	NA	NA	NA	NA	NA	0,3685	3	CN Gain	CNVkit
835	835-01-02BD	T1-LN	2	10000	65047809	65037810	NA	NA	NA	NA	NA	NA	0,5071	3	CN Gain	CNVkit
835	835-01-02BD	T1-LN	2	65047810	91664811	26617003	NA	NA	NA	NA	NA	NA	-0,798	1	CN Loss	CNVkit
835	835-01-02BD	T1-LN	2	144919071	161592237	16673167	NA	NA	NA	NA	NA	NA	-0,8197	1	CN Loss	CNVkit
835	835-01-02BD	T1-LN	7	39949	53476431	53436483	NA	NA	NA	NA	NA	NA	0,4952	3	CN Gain	CNVkit
835	835-01-02BD	T1-LN	8	60386	33461964	33401579	NA	NA	NA	NA	NA	NA	-0,9037	1	CN Loss	CNVkit
835	835-01-02BD	T1-LN	9	21280841	21960496	679656	NA	NA	NA	NA	NA	NA	-0,8862	1	CN Loss	CNVkit
835	835-01-02BD	T1-LN	9	66819444	67933323	1113880	NA	NA	NA	NA	NA	NA	-0,3212	1	CN Loss	CNVkit
835	835-01-02BD	T1-LN	11	78749223	80760238	2011016	NA	NA	NA	NA	NA	NA	-0,9353	1	CN Loss	CNVkit
835	835-01-02BD	T1-LN	11	103684205	105571971	1887767	NA	NA	NA	NA	NA	NA	-0,9554	1	CN Loss	CNVkit
835	835-01-02BD	T1-LN	11	106725428	108553163	1827736	NA	NA	NA	NA	NA	NA	-0,9041	1	CN Loss	CNVkit
835	835-01-02BD	T1-LN	11	110360530	114397627	4037098	NA	NA	NA	NA	NA	NA	-0,8951	1	CN Loss	CNVkit
835	835-01-02BD	T1-LN	11	127092078	128030066	937989	NA	NA	NA	NA	NA	NA	-0,9166	1	CN Loss	CNVkit
835	835-01-02BD	T1-LN	15	21275653	22297449	1021797	NA	NA	NA	NA	NA	NA	-0,8375	1	CN Loss	CNVkit
835	835-01-02BD	T1-LN	15	41676764	42627625	950862	NA	NA	NA	NA	NA	NA	-0,8313	1	CN Loss	CNVkit
839	839-01-1TD	T1-BM	4	34993758	35074242	80485	2	1	1	NA	NA	NA	NA	NA	CN Gain	Battenberg-ASCAT
839	839-01-1TD	T1-BM	4	121560631	122235906	675276	2	1	1	NA	NA	NA	NA	NA	CN Gain	Battenberg-ASCAT
839	839-01-1TD	T1-BM	4	132514932	133062685	547754	2	1	1	NA	NA	NA	NA	NA	CN Gain	Battenberg-ASCAT
839	839-01-1TD	T1-BM	4	136586509	185618373	49031865	2	1	1	NA	NA	NA	NA	NA	CN Gain	Battenberg-ASCAT
839	839-01-1TD	T1-BM	9	203937	332639	128703	2	1	1	NA	NA	NA	NA	NA	CN Gain	Battenberg-ASCAT
839	839-01-1TD	T1-BM	9	139227341	141068960	1841620	1	0	1	NA	NA	NA	NA	NA	CN Loss	Battenberg-ASCAT
839	839-01-1TD	T1-BM	13	50336069	51365968	1029900	1	0	1	NA	NA	NA	NA	NA	CN Loss	Battenberg-ASCAT
839	839-01-1TD	T1-BM	17	38085385	79998898	41913514	2	1	1	NA	NA	NA	NA	NA	CN Gain	Battenberg-ASCAT
839	839-04-01BD	T1-LN	1	145376198	249175040	103798843	2	1	1	NA	NA	NA	NA	NA	CN Gain	Battenberg-ASCAT
839	839-04-01BD	T1-LN	4	121560631	122235906	675276	2	1	1	NA	NA	NA	NA	NA	CN Gain	Battenberg-ASCAT
839	839-04-01BD	T1-LN	4	132514932	133062685	547754	2	1	1	NA	NA	NA	NA	NA	CN Gain	Battenberg-ASCAT
839	839-04-01BD	T1-LN	4	136586509	177430394	40843886	2	1	1	NA	NA	NA	NA	NA	CN Gain	Battenberg-ASCAT
839	839-04-01BD	T1-LN	4	177433889	178260239	826351	2	0	0,138618243	2	1	0,861381757	NA	NA	CNN-LOH	Battenberg-ASCAT
839	839-04-01BD	T1-LN	4	178278495	181403549	3125055	2	1	1	NA	NA	NA	NA	NA	CN Gain	Battenberg-ASCAT
839	839-04-01BD	T1-LN	4	181405624	185618373	4212750	2	0	0,115641354	2	1	0,884358646	NA	NA	CNN-LOH	Battenberg-ASCAT
839	839-04-01BD	T1-LN	4	185618374	190790246	5171873	1	0	0,544178682	1	1	0,455821319	NA	NA	CN Loss	Battenberg-ASCAT
839	839-04-01BD	T1-LN	9	203937	332639	128703	2	1	1	NA	NA	NA	NA	NA	CN Gain	Battenberg-ASCAT
839	839-04-01BD	T1-LN	9	139227341	141068960	1841620	1	0	1	NA	NA	NA	NA	NA	CN Loss	Battenberg-ASCAT
839	839-04-01BD	T1-LN	13	50336069	51365968	1029900	1	0	1	NA	NA	NA	NA	NA	CN Loss	Battenberg-ASCAT
839	839-04-01BD	T1-LN	17	38085385	79998898	41913514	2	1	1	NA	NA	NA	NA	NA	CN Gain	Battenberg-ASCAT
1523	1523-01-01TD	T1	1	221932500	249219621	27287122	2	0	1	NA	NA	NA	NA	NA	CNN-LOH	Battenberg-ASCAT
1523	1523-01-01TD	T1	7	152235239	156692945	4457707	1	0	0,209978781	1	1	0,790021219	NA	NA	CN Loss	Battenberg-ASCAT
1523	1523-01-01TD	T1	9	8379838	13365694	4985857	1	0	1	NA	NA	NA	NA	NA	CN Loss	Battenberg-ASCAT
1523	1523-01-01TD	T1	9	15547189	33764524	18217336	1	0	1	NA	NA	NA	NA	NA	CN Loss	Battenberg-ASCAT
1523	1523-01-01TD	T1	9	38774682	141003348	102228667	1	0	1	NA	NA	NA	NA	NA	CN Loss	Battenberg-ASCAT
1523	1523-01-01TD	T1	15	27946655	42614972	14668318	1	0	0,232899548	1	1	0,767100452	NA	NA	CN Loss	Battenberg-ASCAT
1523	1523-01-01TD	T1	15	53190556	68351510	15160955	1	0	0,230419858	1	1	0,769580142	NA	NA	CN Loss	Battenberg-ASCAT
1523	1523-01-01TD	T1	15	81198271	100822182	19623912	1	0	0,225043234	1	1	0,774956766	NA	NA	CN Loss	Battenberg-ASCAT
1523	1523-01-01TD	T1	17	1880	21901917	21900038	1	0	1	NA	NA	NA	NA	NA	CN Loss	Battenberg-ASCAT
1523	1523-03-01BD	T2	1	221932500	232139061	10206562	2	0	1	NA	NA	NA	NA	NA	CNN-LOH	Battenberg-ASCAT
1523	1523-03-01BD	T2	1	232139062	241029077	8890016	1	0	1	NA	NA	NA	NA	NA	CN Loss	Battenberg-ASCAT
1523	1523-03-01BD	T2	1	241029078	249219621	8190544	2	0	1	NA	NA	NA	NA	NA	CNN-LOH	Battenberg-ASCAT
1523	1523-03-01BD	T2	3	60596	49054692	48994097	1	0	1	NA	NA	NA	NA	NA	CN Loss	Battenberg-ASCAT
1523	1523-03-01BD	T2	6	3322602	26385748	23063147	1	0	1	NA	NA	NA	NA	NA	CN Loss	Battenberg-ASCAT
1523	1523-03-01BD	T2	6	87490737	105464940	17974204	1	0	1	NA	NA	NA	NA	NA	CN Loss	Battenberg-ASCAT
1523	1523-03-01BD	T2	6	116398396	145795010	29396615	1	0	1	NA	NA	NA	NA	NA	CN Loss	Battenberg-ASCAT
1523	1523-03-01BD	T2	7	152235239	156692945	4457707	1	0	1	NA	NA	NA	NA	NA	CN Loss	Battenberg-ASCAT
1523	1523-03-01BD	T2	8	143298	66360589	66217292	1	0	1	NA	NA	NA	NA	NA	CN Loss	Battenberg-ASCAT
1523	1523-03-01BD	T2	9	8379838	13365694	4985857	1	0	1	NA	NA	NA	NA	NA	CN Loss	Battenberg-ASCAT
1523	1523-03-01BD	T2	9	15547189	21329115	5781927	1	0	1	NA	NA	NA	NA	NA	CN Loss	Battenberg-ASCAT
1523	1523-03-01BD	T2	9	21330522	25036400	3705879	0	0	1	NA	NA	NA	NA	NA	CN Homozygous loss	Battenberg-ASCAT
1523	1523-03-01BD	T2	9	25037697	33764524	8726828	1	0	1	NA	NA	NA	NA	NA	CN Loss	Battenberg-ASCAT
1523	1523-03-01BD	T2	9	38774682	141003348	102228667	1	0	1	NA	NA	NA	NA	NA	CN Loss	Battenberg-ASCAT
1523	1523-03-01BD	T2	14	81523082	107289178	25766097	1	0	1	NA	NA	NA	NA	NA	CN Loss	Battenberg-ASCAT
1523	1523-03-01BD	T2	15	27946655	42614972	14668318	1	0	1	NA	NA	NA	NA	NA	CN Loss	Battenberg-ASCAT
1523	1523-03-01BD	T2	15	53190556	68351510	15160955	1	0	1	NA	NA	NA	NA	NA	CN Loss	Battenberg-ASCAT
1523	1523-03-01BD	T2	15	81198271	100822182	19623912	1	0	1	NA	NA	NA	NA	NA	CN Loss	Battenberg-ASCAT
1523	1523-03-01BD	T2	17	1880	21901917	21900038	1	0	1	NA	NA	NA	NA	NA	CN Loss	Battenberg-ASCAT
1523	1523-03-01BD	T2	19	226776	22976074	22749299	1	0	1	NA	NA	NA	NA	NA	CN Loss	Battenberg-ASCAT
1523	1523-03-01BD	T2	19	28898829	40261593	11362765	1	0	1	NA	NA	NA	NA	NA	CN Loss	Battenberg-ASCAT
1563	1563-01-03TD	T1-PB	2	231063247	231683849	620603	1	0	1	NA	NA	NA	NA	NA	CN Loss	Battenberg-ASCAT
1563	1563-01-03TD	T1-PB	2	233912755	234235154	322400	1	0	1	NA	NA	NA	NA	NA	CN Loss	Battenberg-ASCAT
1563	1563-01-03TD	T1-PB	2	234235360	242985695	8750336	1	0	1	NA	NA	NA	NA	NA	CN Loss	Battenberg-ASCAT
1563	1563-01-03TD	T1-PB	8	96263455	145746298	49482844	3	1	1	NA	NA	NA	NA	NA	CN High copy gain	Battenberg-ASCAT
1563	1563-01-03TD	T1-PB	8	145846570	146300622	454053	3	0	1	NA	NA	NA	NA	NA	CN High copy gain	Battenberg-ASCAT
1563	1563-01-03TD	T1-PB	9	21253151	22902282	1649132	1	0	1	NA	NA	NA	NA	NA	CN Loss	Battenberg-ASCAT
1563	1563-01-03TD	T1-PB	9	24687355	25427393	740039	1	0	1	NA	NA	NA	NA	NA	CN Loss	Battenberg-ASCAT
1563	1563-01-03TD	T1-PB	11	108163733	121337993	13174261	1	0	1	NA	NA	NA	NA	NA	CN Loss	Battenberg-ASCAT
1563	1563-01-03TD	T1-PB	16	83802	2154478	2070677	1	0	1	NA	NA	NA	NA	NA	CN Loss	Battenberg-ASCAT
1563	1563-01-03TD	T1-PB	16	2216073	24818916	22602844	2	1	1	NA	NA	NA	NA	NA	CN Gain	Battenberg-ASCAT
1563	1563-01-03TD	T1-PB	17	42266224	79998834	37732611	2	1	1	NA	NA	NA	NA	NA	CN Gain	Battenberg-ASCAT
1563	1563-01-03TD	T1-PB	18	125371	14028326	13902956	1	0	1	NA	NA	NA	NA	NA	CN Loss	Battenberg-ASCAT
1563	1563-01-03TD	T1-PB	X	1463024	51077059	49614036	2	0	1	NA	NA	NA	NA	NA	CNN-LOH	Battenberg-ASCAT
1563	1563-02-01BD	T1-LN	2	231063247	231683849	620603	1	0	1	NA	NA	NA	NA	NA	CN Loss	Battenberg-ASCAT
1563	1563-02-01BD	T1-LN	2	233912755	234235154	322400	1	0	1	NA	NA	NA	NA	NA	CN Loss	Battenberg-ASCAT
1563	1563-02-01BD	T1-LN	2	234235360	242985695	8750336	1	0	1	NA	NA	NA	NA	NA	CN Loss	Battenberg-ASCAT
1563	1563-02-01BD	T1-LN	8	96263455	145746298	49482844	3	1	1	NA	NA	NA	NA	NA	CN High copy gain	Battenberg-ASCAT
1563	1563-02-01BD	T1-LN	8	145846570	146300622	454053	3	0	1	NA	NA	NA	NA	NA	CN High copy gain	Battenberg-ASCAT
1563	1563-02-01BD	T1-LN	9	21253151	22902282	1649132	1	0	1	NA	NA	NA	NA	NA	CN Loss	Battenberg-ASCAT
1563	1563-02-01BD	T1-LN	9	24687355	25427393	740039	1	0	1	NA	NA	NA	NA	NA	CN Loss	Battenberg-ASCAT
1563	1563-02-01BD	T1-LN	11	108163733	121337993	13174261	1	0	1	NA	NA	NA	NA	NA	CN Loss	Battenberg-ASCAT
1563	1563-02-01BD	T1-LN	12	121027917	133831319	12803403	1	0	0,861221183	1	1	0,138778817	NA	NA	CN Loss	Battenberg-ASCAT
1563	1563-02-01BD	T1-LN	13	77998728	114999705	37000978	1	1	0,230441755	2	1	0,769558245	NA	NA	CN Gain	Battenberg-ASCAT
1563	1563-02-01BD	T1-LN	18	125371	12730817	12605447	1	0	0,734757274	1	1	0,265242726	NA	NA	CN Loss	Battenberg-ASCAT
1563	1563-02-01BD	T1-LN	18	12733406	13401802	668397	1	1	0,11138004	2	1	0,88861996	NA	NA	CN Gain	Battenberg-ASCAT
1563	1563-02-01BD	T1-LN	18	70220463	78014614	7794152	1	0	0,747983366	1	1	0,252016634	NA	NA	CN Loss	Battenberg-ASCAT
1563	1563-02-01BD	T1-LN	X	1463024	40389845	38926822	2	0	1	NA	NA	NA	NA	NA	CNN-LOH	Battenberg-ASCAT
1563	1563-02-01BD	T1-LN	X	40426115	154997436	114571322	1	0	1	NA	NA	NA	NA	NA	CN Loss	Battenberg-ASCAT
1669	1669-06-05PD	T1	2	186849059	243052331	56203273	1	0	1	NA	NA	NA	NA	NA	CN Loss	OncoScan
1669	1669-06-05PD	T1	4	113544682	153779819	40235138	1	1	0,193534852	2	1	0,806465148	NA	NA	CN Gain	OncoScan
1669	1669-06-05PD	T1	8	84942615	146292734	61350120	1	1	0,629937831	2	1	0,370062169	NA	NA	CN Gain	OncoScan
1669	1669-06-05PD	T1	17	9361	22230363	22221003	1	0	1	NA	NA	NA	NA	NA	CN Loss	OncoScan
1669	1669-06-05PD	T1	19	247232	9755699	9508468	1	0	1	NA	NA	NA	NA	NA	CN Loss	OncoScan
1669	1669-06-05PD	T1	19	11256176	14329951	3073776	1	1	0,153965714	2	1	0,846034286	NA	NA	CN Gain	OncoScan
1669	1669-04-01BD	T2	1	2206444	8451719	6245276	1	0	1	NA	NA	NA	NA	NA	CN Loss	Battenberg-ASCAT
1669	1669-04-01BD	T2	1	25447389	32110813	6663425	1	0	1	NA	NA	NA	NA	NA	CN Loss	Battenberg-ASCAT
1669	1669-04-01BD	T2	1	50969998	61447874	10477877	1	0	1	NA	NA	NA	NA	NA	CN Loss	Battenberg-ASCAT
1669	1669-04-01BD	T2	1	62110865	63417850	1306986	1	0	1	NA	NA	NA	NA	NA	CN Loss	Battenberg-ASCAT
1669	1669-04-01BD	T2	1	67613932	75181609	7567678	1	0	1	NA	NA	NA	NA	NA	CN Loss	Battenberg-ASCAT
1669	1669-04-01BD	T2	1	239004378	241198832	2194455	1	0	1	NA	NA	NA	NA	NA	CN Loss	Battenberg-ASCAT
1669	1669-04-01BD	T2	3	60363	2330594	2270232	2	1	1	NA	NA	NA	NA	NA	CN Gain	Battenberg-ASCAT
1669	1669-04-01BD	T2	4	81303	2438929	2357627	2	1	1	NA	NA	NA	NA	NA	CN Gain	Battenberg-ASCAT
1669	1669-04-01BD	T2	4	9506201	11432582	1926382	2	1	1	NA	NA	NA	NA	NA	CN Gain	Battenberg-ASCAT
1669	1669-04-01BD	T2	4	12007459	15512540	3505082	1	0	1	NA	NA	NA	NA	NA	CN Loss	Battenberg-ASCAT
1669	1669-04-01BD	T2	4	25302040	32832714	7530675	1	0	1	NA	NA	NA	NA	NA	CN Loss	Battenberg-ASCAT
1669	1669-04-01BD	T2	4	34704985	37315893	2610909	1	0	1	NA	NA	NA	NA	NA	CN Loss	Battenberg-ASCAT
1669	1669-04-01BD	T2	4	47657009	54157757	6500749	1	0	1	NA	NA	NA	NA	NA	CN Loss	Battenberg-ASCAT
1669	1669-04-01BD	T2	4	58838261	61321015	2482755	1	0	1	NA	NA	NA	NA	NA	CN Loss	Battenberg-ASCAT
1669	1669-04-01BD	T2	4	62253357	79126639	16873283	1	0	1	NA	NA	NA	NA	NA	CN Loss	Battenberg-ASCAT
1669	1669-04-01BD	T2	4	86907146	95278501	8371356	1	0	1	NA	NA	NA	NA	NA	CN Loss	Battenberg-ASCAT
1669	1669-04-01BD	T2	5	70692074	87259575	16567502	1	0	1	NA	NA	NA	NA	NA	CN Loss	Battenberg-ASCAT
1669	1669-04-01BD	T2	5	99585169	107985674	8400506	1	0	1	NA	NA	NA	NA	NA	CN Loss	Battenberg-ASCAT
1669	1669-04-01BD	T2	5	143672133	149205630	5533498	1	0	1	NA	NA	NA	NA	NA	CN Loss	Battenberg-ASCAT
1669	1669-04-01BD	T2	8	89744386	90561056	816671	2	1	1	NA	NA	NA	NA	NA	CN Gain	Battenberg-ASCAT
1669	1669-04-01BD	T2	8	113047764	142091912	29044149	2	1	1	NA	NA	NA	NA	NA	CN Gain	Battenberg-ASCAT
1669	1669-04-01BD	T2	9	6615643	19222739	12607097	1	0	1	NA	NA	NA	NA	NA	CN Loss	Battenberg-ASCAT
1669	1669-04-01BD	T2	9	20998217	21153962	155746	1	0	0,819897469	2	0	0,180102531	NA	NA	CN Loss	Battenberg-ASCAT
1669	1669-04-01BD	T2	9	21166761	25679141	4512381	0	0	0,936281928	1	0	0,063718072	NA	NA	CN Homozygous loss	Battenberg-ASCAT
1669	1669-04-01BD	T2	9	25683096	30785049	5101954	1	0	1	NA	NA	NA	NA	NA	CN Loss	Battenberg-ASCAT
1669	1669-04-01BD	T2	9	44869541	93182520	48312980	1	0	1	NA	NA	NA	NA	NA	CN Loss	Battenberg-ASCAT
1669	1669-04-01BD	T2	9	93195951	103187729	9991779	2	0	1	NA	NA	NA	NA	NA	CNN-LOH	Battenberg-ASCAT
1669	1669-04-01BD	T2	9	103213947	121829381	18615435	1	0	1	NA	NA	NA	NA	NA	CN Loss	Battenberg-ASCAT
1669	1669-04-01BD	T2	9	128424508	141068960	12644453	1	0	1	NA	NA	NA	NA	NA	CN Loss	Battenberg-ASCAT
1669	1669-04-01BD	T2	10	150922	43289648	43138727	1	0	1	NA	NA	NA	NA	NA	CN Loss	Battenberg-ASCAT
1669	1669-04-01BD	T2	11	113692660	114360380	667721	1	0	0,885934891	2	0	0,114065109	NA	NA	CN Loss	Battenberg-ASCAT
1669	1669-04-01BD	T2	11	126302184	126918462	616279	5	1	1	NA	NA	NA	NA	NA	CN High copy gain	Battenberg-ASCAT
1669	1669-04-01BD	T2	11	126922875	129814216	2891342	3	1	1	NA	NA	NA	NA	NA	CN High copy gain	Battenberg-ASCAT
1669	1669-04-01BD	T2	11	129827369	130458329	630961	2	1	1	NA	NA	NA	NA	NA	CN Gain	Battenberg-ASCAT
1669	1669-04-01BD	T2	11	130458475	134946451	4487977	1	0	1	NA	NA	NA	NA	NA	CN Loss	Battenberg-ASCAT
1669	1669-04-01BD	T2	12	48250794	51748326	3497533	1	0	1	NA	NA	NA	NA	NA	CN Loss	Battenberg-ASCAT
1669	1669-04-01BD	T2	12	85235281	104354290	19119010	1	0	1	NA	NA	NA	NA	NA	CN Loss	Battenberg-ASCAT
1669	1669-04-01BD	T2	12	118768428	121813572	3045145	2	1	1	NA	NA	NA	NA	NA	CN Gain	Battenberg-ASCAT
1669	1669-04-01BD	T2	12	131256947	133250734	1993788	2	1	1	NA	NA	NA	NA	NA	CN Gain	Battenberg-ASCAT
1669	1669-04-01BD	T2	14	29134763	30767400	1632638	1	0	1	NA	NA	NA	NA	NA	CN Loss	Battenberg-ASCAT
1669	1669-04-01BD	T2	14	85177303	86381307	1204005	1	0	1	NA	NA	NA	NA	NA	CN Loss	Battenberg-ASCAT
1669	1669-04-01BD	T2	15	20001774	43604930	23603157	1	0	1	NA	NA	NA	NA	NA	CN Loss	Battenberg-ASCAT
1669	1669-04-01BD	T2	15	59468707	59984760	516054	2	1	1	NA	NA	NA	NA	NA	CN Gain	Battenberg-ASCAT
1669	1669-04-01BD	T2	15	63013949	69637900	6623952	2	1	1	NA	NA	NA	NA	NA	CN Gain	Battenberg-ASCAT
1669	1669-04-01BD	T2	15	70910317	75129919	4219603	2	1	1	NA	NA	NA	NA	NA	CN Gain	Battenberg-ASCAT
1669	1669-04-01BD	T2	15	91409514	93704399	2294886	1	0	1	NA	NA	NA	NA	NA	CN Loss	Battenberg-ASCAT
1669	1669-04-01BD	T2	17	9361	22230363	22221003	1	0	1	NA	NA	NA	NA	NA	CN Loss	Battenberg-ASCAT
1669	1669-04-01BD	T2	18	125371	18791448	18666078	1	0	1	NA	NA	NA	NA	NA	CN Loss	Battenberg-ASCAT
1669	1669-04-01BD	T2	X	63483416	155230458	91747043	1	0	1	NA	NA	NA	NA	NA	CN Loss	Battenberg-ASCAT
3034	3034-03-01TD	T1	1	773106	27014748	26241643	2	0	1	NA	NA	NA	NA	NA	CNN-LOH	Battenberg-ASCAT
3034	3034-03-01TD	T1	3	20985380	22274826	1289447	1	0	0,38610252	1	1	0,61389748	NA	NA	CN Loss	Battenberg-ASCAT
3034	3034-03-01TD	T1	3	22275487	38072312	15796826	1	0	0,831206916	1	1	0,168793084	NA	NA	CN Loss	Battenberg-ASCAT
3034	3034-03-01TD	T1	3	38072313	38406478	334167	1	0	1	NA	NA	NA	NA	NA	CN Loss	Battenberg-ASCAT
3034	3034-03-01TD	T1	4	22836801	25796527	2959727	1	0	1	NA	NA	NA	NA	NA	CN Loss	Battenberg-ASCAT
3034	3034-03-01TD	T1	4	27357341	30988128	3630788	1	0	1	NA	NA	NA	NA	NA	CN Loss	Battenberg-ASCAT
3034	3034-03-01TD	T1	4	31426766	32006736	579971	1	0	1	NA	NA	NA	NA	NA	CN Loss	Battenberg-ASCAT
3034	3034-03-01TD	T1	4	44929499	47350953	2421455	1	0	1	NA	NA	NA	NA	NA	CN Loss	Battenberg-ASCAT
3034	3034-03-01TD	T1	4	65961310	71535192	5573883	1	0	1	NA	NA	NA	NA	NA	CN Loss	Battenberg-ASCAT
3034	3034-03-01TD	T1	4	72029791	76917531	4887741	1	0	1	NA	NA	NA	NA	NA	CN Loss	Battenberg-ASCAT
3034	3034-03-01TD	T1	4	78705093	80255322	1550230	1	0	1	NA	NA	NA	NA	NA	CN Loss	Battenberg-ASCAT
3034	3034-03-01TD	T1	4	84646808	88493502	3846695	1	0	1	NA	NA	NA	NA	NA	CN Loss	Battenberg-ASCAT
3034	3034-03-01TD	T1	4	88863653	89083666	220014	1	0	1	NA	NA	NA	NA	NA	CN Loss	Battenberg-ASCAT
3034	3034-03-01TD	T1	4	91943418	92554719	611302	1	0	1	NA	NA	NA	NA	NA	CN Loss	Battenberg-ASCAT
3034	3034-03-01TD	T1	4	92839028	94482697	1643670	1	0	1	NA	NA	NA	NA	NA	CN Loss	Battenberg-ASCAT
3034	3034-03-01TD	T1	4	126547197	126704625	157429	1	0	1	NA	NA	NA	NA	NA	CN Loss	Battenberg-ASCAT
3034	3034-03-01TD	T1	4	129435986	130706927	1270942	1	0	1	NA	NA	NA	NA	NA	CN Loss	Battenberg-ASCAT
3034	3034-03-01TD	T1	4	131139340	132318919	1179580	1	0	1	NA	NA	NA	NA	NA	CN Loss	Battenberg-ASCAT
3034	3034-03-01TD	T1	4	136923989	137469534	545546	1	0	1	NA	NA	NA	NA	NA	CN Loss	Battenberg-ASCAT
3034	3034-03-01TD	T1	6	204484	15817004	15612521	2	1	1	NA	NA	NA	NA	NA	CN Gain	Battenberg-ASCAT
3034	3034-03-01TD	T1	8	143207	64496159	64352953	1	0	1	NA	NA	NA	NA	NA	CN Loss	Battenberg-ASCAT
3034	3034-03-01TD	T1	8	64501744	146297268	81795525	2	1	1	NA	NA	NA	NA	NA	CN Gain	Battenberg-ASCAT
3034	3034-03-01TD	T1	9	272854	21577970	21305117	1	0	1	NA	NA	NA	NA	NA	CN Loss	Battenberg-ASCAT
3034	3034-03-01TD	T1	9	21601652	23694188	2092537	0	0	1	NA	NA	NA	NA	NA	CN Homozygous loss	Battenberg-ASCAT
3034	3034-03-01TD	T1	9	23732464	25656157	1923694	1	0	1	NA	NA	NA	NA	NA	CN Loss	Battenberg-ASCAT
3034	3034-03-01TD	T1	9	71143436	73240674	2097239	1	0	1	NA	NA	NA	NA	NA	CN Loss	Battenberg-ASCAT
3034	3034-03-01TD	T1	9	73247347	73418255	170909	0	0	1	NA	NA	NA	NA	NA	CN Homozygous loss	Battenberg-ASCAT
3034	3034-03-01TD	T1	9	73427233	73579555	152323	1	0	1	NA	NA	NA	NA	NA	CN Loss	Battenberg-ASCAT
3034	3034-03-01TD	T1	9	78729213	79794345	1065133	1	0	1	NA	NA	NA	NA	NA	CN Loss	Battenberg-ASCAT
3034	3034-03-01TD	T1	9	103761151	107147638	3386488	1	0	1	NA	NA	NA	NA	NA	CN Loss	Battenberg-ASCAT
3034	3034-03-01TD	T1	9	107460071	114350537	6890467	1	0	1	NA	NA	NA	NA	NA	CN Loss	Battenberg-ASCAT
3034	3034-03-01TD	T1	9	115400300	119870213	4469914	1	0	1	NA	NA	NA	NA	NA	CN Loss	Battenberg-ASCAT
3034	3034-03-01TD	T1	11	102619805	114892861	12273057	1	0	1	NA	NA	NA	NA	NA	CN Loss	Battenberg-ASCAT
3034	3034-03-01TD	T1	11	114900827	127657071	12756245	2	0	1	NA	NA	NA	NA	NA	CNN-LOH	Battenberg-ASCAT
3034	3034-03-01TD	T1	11	127659737	134946396	7286660	2	1	1	NA	NA	NA	NA	NA	CN Gain	Battenberg-ASCAT
3034	3034-03-01TD	T1	17	32249	19358949	19326701	1	0	0,11694688	1	1	0,88305312	NA	NA	CN Loss	Battenberg-ASCAT
3034	3034-03-01TD	T1	17	46007029	79999936	33992908	1	1	0,880213059	2	1	0,119786941	NA	NA	CN Gain	Battenberg-ASCAT
3034	3034-03-01TD	T1	18	125785	9640841	9515057	1	0	1	NA	NA	NA	NA	NA	CN Loss	Battenberg-ASCAT
3034	3034-03-01TD	T1	18	9642585	78017073	68374489	2	1	1	NA	NA	NA	NA	NA	CN Gain	Battenberg-ASCAT
3034	3034-04-01BD	T2	1	773106	23438305	22665200	2	0	1	NA	NA	NA	NA	NA	CNN-LOH	Battenberg-ASCAT
3034	3034-04-01BD	T2	1	23542185	31233480	7691296	1	0	1	NA	NA	NA	NA	NA	CN Loss	Battenberg-ASCAT
3034	3034-04-01BD	T2	3	38072312	38406478	334167	1	0	1	NA	NA	NA	NA	NA	CN Loss	Battenberg-ASCAT
3034	3034-04-01BD	T2	4	22836801	25796527	2959727	1	0	1	NA	NA	NA	NA	NA	CN Loss	Battenberg-ASCAT
3034	3034-04-01BD	T2	4	27357341	30988128	3630788	1	0	1	NA	NA	NA	NA	NA	CN Loss	Battenberg-ASCAT
3034	3034-04-01BD	T2	4	31426766	32006736	579971	1	0	1	NA	NA	NA	NA	NA	CN Loss	Battenberg-ASCAT
3034	3034-04-01BD	T2	4	44929499	47350953	2421455	1	0	1	NA	NA	NA	NA	NA	CN Loss	Battenberg-ASCAT
3034	3034-04-01BD	T2	4	65961310	71535192	5573883	1	0	1	NA	NA	NA	NA	NA	CN Loss	Battenberg-ASCAT
3034	3034-04-01BD	T2	4	72029791	76917531	4887741	1	0	1	NA	NA	NA	NA	NA	CN Loss	Battenberg-ASCAT
3034	3034-04-01BD	T2	4	78705093	80255322	1550230	1	0	1	NA	NA	NA	NA	NA	CN Loss	Battenberg-ASCAT
3034	3034-04-01BD	T2	4	84646808	88493502	3846695	1	0	1	NA	NA	NA	NA	NA	CN Loss	Battenberg-ASCAT
3034	3034-04-01BD	T2	4	88863653	89083666	220014	1	0	1	NA	NA	NA	NA	NA	CN Loss	Battenberg-ASCAT
3034	3034-04-01BD	T2	4	91943418	92554719	611302	1	0	1	NA	NA	NA	NA	NA	CN Loss	Battenberg-ASCAT
3034	3034-04-01BD	T2	4	92839028	94482697	1643670	1	0	1	NA	NA	NA	NA	NA	CN Loss	Battenberg-ASCAT
3034	3034-04-01BD	T2	4	126547197	126704625	157429	1	0	1	NA	NA	NA	NA	NA	CN Loss	Battenberg-ASCAT
3034	3034-04-01BD	T2	4	129435986	130706927	1270942	1	0	1	NA	NA	NA	NA	NA	CN Loss	Battenberg-ASCAT
3034	3034-04-01BD	T2	4	131139340	132318919	1179580	1	0	1	NA	NA	NA	NA	NA	CN Loss	Battenberg-ASCAT
3034	3034-04-01BD	T2	4	136923989	137469534	545546	1	0	1	NA	NA	NA	NA	NA	CN Loss	Battenberg-ASCAT
3034	3034-04-01BD	T2	6	204484	15797404	15592921	2	1	1	NA	NA	NA	NA	NA	CN Gain	Battenberg-ASCAT
3034	3034-04-01BD	T2	8	143207	64496159	64352953	1	0	1	NA	NA	NA	NA	NA	CN Loss	Battenberg-ASCAT
3034	3034-04-01BD	T2	8	64501744	146297268	81795525	2	1	1	NA	NA	NA	NA	NA	CN Gain	Battenberg-ASCAT
3034	3034-04-01BD	T2	9	272854	21577970	21305117	1	0	1	NA	NA	NA	NA	NA	CN Loss	Battenberg-ASCAT
3034	3034-04-01BD	T2	9	21601652	23694188	2092537	0	0	1	NA	NA	NA	NA	NA	CN Homozygous loss	Battenberg-ASCAT
3034	3034-04-01BD	T2	9	23732464	25656157	1923694	1	0	1	NA	NA	NA	NA	NA	CN Loss	Battenberg-ASCAT
3034	3034-04-01BD	T2	9	71143436	73240674	2097239	1	0	1	NA	NA	NA	NA	NA	CN Loss	Battenberg-ASCAT
3034	3034-04-01BD	T2	9	73247347	73418255	170909	0	0	1	NA	NA	NA	NA	NA	CN Homozygous loss	Battenberg-ASCAT
3034	3034-04-01BD	T2	9	73427233	73579555	152323	1	0	1	NA	NA	NA	NA	NA	CN Loss	Battenberg-ASCAT
3034	3034-04-01BD	T2	9	78729213	79794345	1065133	1	0	1	NA	NA	NA	NA	NA	CN Loss	Battenberg-ASCAT
3034	3034-04-01BD	T2	9	103761151	107147638	3386488	1	0	1	NA	NA	NA	NA	NA	CN Loss	Battenberg-ASCAT
3034	3034-04-01BD	T2	9	107460071	114350537	6890467	1	0	1	NA	NA	NA	NA	NA	CN Loss	Battenberg-ASCAT
3034	3034-04-01BD	T2	9	115400300	119870213	4469914	1	0	1	NA	NA	NA	NA	NA	CN Loss	Battenberg-ASCAT
3034	3034-04-01BD	T2	11	102619805	114892861	12273057	1	0	1	NA	NA	NA	NA	NA	CN Loss	Battenberg-ASCAT
3034	3034-04-01BD	T2	11	114900827	127657071	12756245	2	0	1	NA	NA	NA	NA	NA	CNN-LOH	Battenberg-ASCAT
3034	3034-04-01BD	T2	11	127659737	134946396	7286660	2	1	1	NA	NA	NA	NA	NA	CN Gain	Battenberg-ASCAT
3034	3034-04-01BD	T2	14	69674352	102442419	32768068	1	0	1	NA	NA	NA	NA	NA	CN Loss	Battenberg-ASCAT
3034	3034-04-01BD	T2	16	84870	89998794	89913925	2	1	1	NA	NA	NA	NA	NA	CN Gain	Battenberg-ASCAT
3034	3034-04-01BD	T2	17	32249	19358949	19326701	1	0	1	NA	NA	NA	NA	NA	CN Loss	Battenberg-ASCAT
3034	3034-04-01BD	T2	17	46007029	79999936	33992908	2	1	1	NA	NA	NA	NA	NA	CN Gain	Battenberg-ASCAT
3034	3034-04-01BD	T2	18	125785	9640841	9515057	1	0	1	NA	NA	NA	NA	NA	CN Loss	Battenberg-ASCAT
3034	3034-04-01BD	T2	18	9642585	78017073	68374489	2	1	1	NA	NA	NA	NA	NA	CN Gain	Battenberg-ASCAT
3299	3299-01-02TD	T1	4	82721	44929812	44847092	1	0	0,351849599	1	1	0,648150402	NA	NA	CN Loss	Battenberg-ASCAT
3299	3299-01-02TD	T1	10	102621414	104346166	1724753	1	0	1	NA	NA	NA	NA	NA	CN Loss	Battenberg-ASCAT
3299	3299-01-02TD	T1	17	15222	22243760	22228539	1	0	1	NA	NA	NA	NA	NA	CN Loss	Battenberg-ASCAT
3299	3299-01-02TD	T1	20	61098	26292007	26230910	1	0	0,553404473	1	1	0,446595527	NA	NA	CN Loss	Battenberg-ASCAT
3299	3299-03-01TD	T2	6	82190225	147784029	65593805	1	0	0,222230817	1	1	0,777769183	NA	NA	CN Loss	Battenberg-ASCAT
3299	3299-03-01TD	T2	10	102621414	104346166	1724753	1	0	0,508179085	1	1	0,491820915	NA	NA	CN Loss	Battenberg-ASCAT
3299	3299-03-01TD	T2	14	34657887	107288377	72630491	1	0	0,188315914	1	1	0,811684086	NA	NA	CN Loss	Battenberg-ASCAT
3299	3299-03-01TD	T2	15	20080685	40551015	20470331	1	0	0,192917225	1	1	0,807082775	NA	NA	CN Loss	Battenberg-ASCAT
3299	3299-03-01TD	T2	15	40623593	44379986	3756394	1	0	0,192917225	1	1	0,807082775	NA	NA	CN Loss	Battenberg-ASCAT
3299	3299-03-01TD	T2	17	15222	22243760	22228539	1	0	1	NA	NA	NA	NA	NA	CN Loss	Battenberg-ASCAT
3299	3299-03-01TD	T2	18	2588238	12364320	9776083	1	0	0,19148252	1	1	0,80851748	NA	NA	CN Loss	Battenberg-ASCAT
3299	3299-03-01TD	T2	18	21648565	49166790	27518226	1	0	0,200129959	1	1	0,799870041	NA	NA	CN Loss	Battenberg-ASCAT
3299	3299-03-01TD	T2	20	61098	26292007	26230910	1	0	0,51091192	1	1	0,489088081	NA	NA	CN Loss	Battenberg-ASCAT
3299	3299-04-1TD	T3	6	82190225	147784029	65593805	1	0	1	NA	NA	NA	NA	NA	CN Loss	Battenberg-ASCAT
3299	3299-04-1TD	T3	14	34657887	107288377	72630491	1	0	1	NA	NA	NA	NA	NA	CN Loss	Battenberg-ASCAT
3299	3299-04-1TD	T3	15	20080685	40551015	20470331	1	0	1	NA	NA	NA	NA	NA	CN Loss	Battenberg-ASCAT
3299	3299-04-1TD	T3	15	40623593	44379986	3756394	1	0	1	NA	NA	NA	NA	NA	CN Loss	Battenberg-ASCAT
3299	3299-04-1TD	T3	15	56214220	58433369	2219150	1	0	1	NA	NA	NA	NA	NA	CN Loss	Battenberg-ASCAT
3299	3299-04-1TD	T3	17	15222	22243760	22228539	1	0	1	NA	NA	NA	NA	NA	CN Loss	Battenberg-ASCAT
3299	3299-04-1TD	T3	18	2588238	12364320	9776083	1	0	1	NA	NA	NA	NA	NA	CN Loss	Battenberg-ASCAT
3299	3299-04-1TD	T3	18	21648565	49166790	27518226	1	0	1	NA	NA	NA	NA	NA	CN Loss	Battenberg-ASCAT
3299	3299-04-1TD	T3	18	65661071	66650888	989818	1	0	1	NA	NA	NA	NA	NA	CN Loss	Battenberg-ASCAT
3299	3299-02-01TD	T4	6	82190225	147784029	65593805	1	0	1	NA	NA	NA	NA	NA	CN Loss	Battenberg-ASCAT
3299	3299-02-01TD	T4	14	34657887	107288377	72630491	1	0	1	NA	NA	NA	NA	NA	CN Loss	Battenberg-ASCAT
3299	3299-02-01TD	T4	15	20080685	40551015	20470331	1	0	1	NA	NA	NA	NA	NA	CN Loss	Battenberg-ASCAT
3299	3299-02-01TD	T4	15	40623593	44379986	3756394	1	0	1	NA	NA	NA	NA	NA	CN Loss	Battenberg-ASCAT
3299	3299-02-01TD	T4	15	56214220	58433369	2219150	1	0	1	NA	NA	NA	NA	NA	CN Loss	Battenberg-ASCAT
3299	3299-02-01TD	T4	17	15222	22243760	22228539	1	0	1	NA	NA	NA	NA	NA	CN Loss	Battenberg-ASCAT
3299	3299-02-01TD	T4	18	2588238	12364320	9776083	1	0	1	NA	NA	NA	NA	NA	CN Loss	Battenberg-ASCAT
3299	3299-02-01TD	T4	18	21648565	49166790	27518226	1	0	1	NA	NA	NA	NA	NA	CN Loss	Battenberg-ASCAT
3299	3299-02-01TD	T4	18	65661071	66650888	989818	1	0	1	NA	NA	NA	NA	NA	CN Loss	Battenberg-ASCAT
3299	3299-05-01TD	T5	6	82190225	147784029	65593805	1	0	1	NA	NA	NA	NA	NA	CN Loss	Battenberg-ASCAT
3299	3299-05-01TD	T5	14	34657887	107288377	72630491	1	0	1	NA	NA	NA	NA	NA	CN Loss	Battenberg-ASCAT
3299	3299-05-01TD	T5	15	20080685	40551015	20470331	1	0	1	NA	NA	NA	NA	NA	CN Loss	Battenberg-ASCAT
3299	3299-05-01TD	T5	15	40623593	44379986	3756394	1	0	1	NA	NA	NA	NA	NA	CN Loss	Battenberg-ASCAT
3299	3299-05-01TD	T5	15	56214220	58433369	2219150	1	0	1	NA	NA	NA	NA	NA	CN Loss	Battenberg-ASCAT
3299	3299-05-01TD	T5	17	15222	22243760	22228539	1	0	1	NA	NA	NA	NA	NA	CN Loss	Battenberg-ASCAT
3299	3299-05-01TD	T5	18	2588238	12364320	9776083	1	0	1	NA	NA	NA	NA	NA	CN Loss	Battenberg-ASCAT
3299	3299-05-01TD	T5	18	21648565	49166790	27518226	1	0	1	NA	NA	NA	NA	NA	CN Loss	Battenberg-ASCAT
3299	3299-05-01TD	T5	18	65661071	66650888	989818	1	0	1	NA	NA	NA	NA	NA	CN Loss	Battenberg-ASCAT
3495	3495-02-01BD	T1	6	678547	33395083	32716537	NA	NA	NA	NA	NA	NA	0,3756	3	CN Gain	CNVkit
3495	3495-02-01BD	T1	13	50204282	51519618	1315337	NA	NA	NA	NA	NA	NA	-2,0271	0	CN Homozygous loss	CNVkit
3495	3495-02-01BD	T1	15	40559743	63793127	23233385	NA	NA	NA	NA	NA	NA	0,4246	3	CN Gain	CNVkit
3495	3495-02-01BD	T1	15	64949812	68104698	3154887	NA	NA	NA	NA	NA	NA	0,4728	3	CN Gain	CNVkit
3495	3495-02-01BD	T1	15	69825253	76071777	6246525	NA	NA	NA	NA	NA	NA	0,4948	3	CN Gain	CNVkit
3495	3495-02-01BD	T1	15	77768748	88238764	10470017	NA	NA	NA	NA	NA	NA	0,4593	3	CN Gain	CNVkit
3495	3495-02-01BD	T1	15	90199503	102293050	12093548	NA	NA	NA	NA	NA	NA	0,4499	3	CN Gain	CNVkit
3495	3495-02-01BD	T1	17	0	20393833	20393834	NA	NA	NA	NA	NA	NA	-0,6112	1	CN Loss	CNVkit
3495	3495-02-01BD	T1	17	36406775	47774473	11367699	NA	NA	NA	NA	NA	NA	0,4967	3	CN Gain	CNVkit
3495	3495-02-01BD	T1	17	49199187	63739699	14540513	NA	NA	NA	NA	NA	NA	0,4201	3	CN Gain	CNVkit
3495	3495-02-01BD	T1	17	65257703	81195210	15937508	NA	NA	NA	NA	NA	NA	0,4568	3	CN Gain	CNVkit
3495	3495-02-01BD	T1	19	634562	4514999	3880438	NA	NA	NA	NA	NA	NA	-0,5278	1	CN Loss	CNVkit
3495	3495-03-01BD	T2	1	184042063	187180886	3138824	NA	NA	NA	NA	NA	NA	0,3781	3	CN Gain	CNVkit
3495	3495-03-01BD	T2	2	98201330	98726620	525291	NA	NA	NA	NA	NA	NA	-0,7346	1	CN Loss	CNVkit
3495	3495-03-01BD	T2	4	574379	18692997	18118619	NA	NA	NA	NA	NA	NA	0,398	3	CN Gain	CNVkit
3495	3495-03-01BD	T2	4	20540082	27541425	7001344	NA	NA	NA	NA	NA	NA	0,3776	3	CN Gain	CNVkit
3495	3495-03-01BD	T2	4	106472812	170279385	63806574	NA	NA	NA	NA	NA	NA	0,4329	3	CN Gain	CNVkit
3495	3495-03-01BD	T2	4	171506827	190937373	19430547	NA	NA	NA	NA	NA	NA	0,4238	3	CN Gain	CNVkit
3495	3495-03-01BD	T2	8	63452336	94291580	30839245	NA	NA	NA	NA	NA	NA	0,416	3	CN Gain	CNVkit
3495	3495-03-01BD	T2	8	95301408	105274258	9972851	NA	NA	NA	NA	NA	NA	0,4789	3	CN Gain	CNVkit
3495	3495-03-01BD	T2	8	106478118	120841895	14363778	NA	NA	NA	NA	NA	NA	0,4011	3	CN Gain	CNVkit
3495	3495-03-01BD	T2	8	121934267	124248723	2314457	NA	NA	NA	NA	NA	NA	0,4826	3	CN Gain	CNVkit
3495	3495-03-01BD	T2	8	125386119	144243397	18857279	NA	NA	NA	NA	NA	NA	0,5077	3	CN Gain	CNVkit
3495	3495-03-01BD	T2	8	145786306	146301878	515573	NA	NA	NA	NA	NA	NA	0,5385	3	CN Gain	CNVkit
3495	3495-03-01BD	T2	13	40656039	42242589	1586551	NA	NA	NA	NA	NA	NA	-0,7091	1	CN Loss	CNVkit
3495	3495-03-01BD	T2	13	46625969	47330269	704301	NA	NA	NA	NA	NA	NA	-0,7482	1	CN Loss	CNVkit
3495	3495-03-01BD	T2	13	48877155	49886972	1009818	NA	NA	NA	NA	NA	NA	-0,751	1	CN Loss	CNVkit
3495	3495-03-01BD	T2	13	50204282	51519618	1315337	NA	NA	NA	NA	NA	NA	-2,3683	0	CN Homozygous loss	CNVkit
3495	3495-03-01BD	T2	14	71810814	72603018	792205	NA	NA	NA	NA	NA	NA	-0,3166	1	CN Loss	CNVkit
3495	3495-03-01BD	T2	14	79230087	89351858	10121772	NA	NA	NA	NA	NA	NA	-0,3497	1	CN Loss	CNVkit
3495	3495-03-01BD	T2	14	93610891	94189768	578878	NA	NA	NA	NA	NA	NA	-0,304	1	CN Loss	CNVkit
3495	3495-03-01BD	T2	15	59727044	73966376	14239333	NA	NA	NA	NA	NA	NA	0,5446	3	CN Gain	CNVkit
3495	3495-03-01BD	T2	15	75020149	76041762	1021614	NA	NA	NA	NA	NA	NA	0,6223	3	CN Gain	CNVkit
3495	3495-03-01BD	T2	15	78110715	102432413	24321699	NA	NA	NA	NA	NA	NA	0,5137	3	CN Gain	CNVkit
3495	3495-03-01BD	T2	16	83583	1677619	1594037	NA	NA	NA	NA	NA	NA	-0,4292	1	CN Loss	CNVkit
3495	3495-03-01BD	T2	17	0	9825994	9825995	NA	NA	NA	NA	NA	NA	-0,6802	1	CN Loss	CNVkit
3495	3495-03-01BD	T2	17	10834752	20332728	9497977	NA	NA	NA	NA	NA	NA	-0,7179	1	CN Loss	CNVkit
3495	3495-03-01BD	T2	17	36406775	81195210	44788436	NA	NA	NA	NA	NA	NA	0,5667	3	CN Gain	CNVkit
3495	3495-03-01BD	T2	18	10000	15398545	15388546	NA	NA	NA	NA	NA	NA	-0,7588	1	CN Loss	CNVkit
3495	3495-03-01BD	T2	19	370863	5554785	5183923	NA	NA	NA	NA	NA	NA	-0,6432	1	CN Loss	CNVkit
4675	4675-03-01BD	T1	1	73845734	76765096	2919363	1	0	0,818354028	1	1	0,181645972	NA	NA	CN Loss	Battenberg-ASCAT
4675	4675-03-01BD	T1	1	208542349	210721874	2179526	1	0	1	NA	NA	NA	NA	NA	CN Loss	Battenberg-ASCAT
4675	4675-03-01BD	T1	1	226729577	232298668	5569092	1	0	1	NA	NA	NA	NA	NA	CN Loss	Battenberg-ASCAT
4675	4675-03-01BD	T1	1	232501148	239925109	7423962	1	0	1	NA	NA	NA	NA	NA	CN Loss	Battenberg-ASCAT
4675	4675-03-01BD	T1	2	180347713	185177465	4829753	1	0	0,798811739	1	1	0,201188261	NA	NA	CN Loss	Battenberg-ASCAT
4675	4675-03-01BD	T1	2	189049364	190379162	1329799	1	0	0,817966989	1	1	0,182033011	NA	NA	CN Loss	Battenberg-ASCAT
4675	4675-03-01BD	T1	2	190886626	198075465	7188840	1	0	0,794784118	1	1	0,205215882	NA	NA	CN Loss	Battenberg-ASCAT
4675	4675-03-01BD	T1	2	210507699	231417005	20909307	1	0	0,774019674	1	1	0,225980326	NA	NA	CN Loss	Battenberg-ASCAT
4675	4675-03-01BD	T1	2	234000504	234127321	126818	1	0	0,79679281	1	1	0,20320719	NA	NA	CN Loss	Battenberg-ASCAT
4675	4675-03-01BD	T1	2	234279261	239833659	5554399	1	0	0,791171901	1	1	0,2088281	NA	NA	CN Loss	Battenberg-ASCAT
4675	4675-03-01BD	T1	3	1915930	1955272	39343	1	0	1	NA	NA	NA	NA	NA	CN Loss	Battenberg-ASCAT
4675	4675-03-01BD	T1	3	1978007	4444711	2466705	1	0	1	NA	NA	NA	NA	NA	CN Loss	Battenberg-ASCAT
4675	4675-03-01BD	T1	3	17482120	18914471	1432352	1	0	1	NA	NA	NA	NA	NA	CN Loss	Battenberg-ASCAT
4675	4675-03-01BD	T1	3	18990219	24447436	5457218	1	0	1	NA	NA	NA	NA	NA	CN Loss	Battenberg-ASCAT
4675	4675-03-01BD	T1	3	46501213	47083621	582409	1	0	1	NA	NA	NA	NA	NA	CN Loss	Battenberg-ASCAT
4675	4675-03-01BD	T1	3	73168351	74507981	1339631	1	0	1	NA	NA	NA	NA	NA	CN Loss	Battenberg-ASCAT
4675	4675-03-01BD	T1	3	172973635	174869943	1896309	1	0	1	NA	NA	NA	NA	NA	CN Loss	Battenberg-ASCAT
4675	4675-03-01BD	T1	3	176337924	180371629	4033706	1	0	1	NA	NA	NA	NA	NA	CN Loss	Battenberg-ASCAT
4675	4675-03-01BD	T1	4	98530	39601640	39503111	1	0	1	NA	NA	NA	NA	NA	CN Loss	Battenberg-ASCAT
4675	4675-03-01BD	T1	4	40611679	49081182	8469504	1	0	1	NA	NA	NA	NA	NA	CN Loss	Battenberg-ASCAT
4675	4675-03-01BD	T1	4	61480450	61833966	353517	1	0	1	NA	NA	NA	NA	NA	CN Loss	Battenberg-ASCAT
4675	4675-03-01BD	T1	4	77958130	78230373	272244	1	0	1	NA	NA	NA	NA	NA	CN Loss	Battenberg-ASCAT
4675	4675-03-01BD	T1	6	80601538	81557569	956032	1	0	1	NA	NA	NA	NA	NA	CN Loss	Battenberg-ASCAT
4675	4675-03-01BD	T1	9	45111600	141038316	95926717	1	0	1	NA	NA	NA	NA	NA	CN Loss	Battenberg-ASCAT
4675	4675-03-01BD	T1	10	90903791	92685713	1781923	1	0	0,820118578	1	1	0,179881422	NA	NA	CN Loss	Battenberg-ASCAT
4675	4675-03-01BD	T1	12	60255892	60507114	251223	1	0	1	NA	NA	NA	NA	NA	CN Loss	Battenberg-ASCAT
4675	4675-03-01BD	T1	12	88879495	89553345	673851	1	0	1	NA	NA	NA	NA	NA	CN Loss	Battenberg-ASCAT
4675	4675-03-01BD	T1	12	89615762	90019229	403468	1	0	1	NA	NA	NA	NA	NA	CN Loss	Battenberg-ASCAT
4675	4675-03-01BD	T1	12	90500632	91065027	564396	1	0	1	NA	NA	NA	NA	NA	CN Loss	Battenberg-ASCAT
4675	4675-03-01BD	T1	12	97037249	98414496	1377248	1	0	1	NA	NA	NA	NA	NA	CN Loss	Battenberg-ASCAT
4675	4675-03-01BD	T1	13	41346881	43492349	2145469	1	0	1	NA	NA	NA	NA	NA	CN Loss	Battenberg-ASCAT
4675	4675-03-01BD	T1	13	48159762	52962097	4802336	1	0	1	NA	NA	NA	NA	NA	CN Loss	Battenberg-ASCAT
4675	4675-03-01BD	T1	15	70802330	78438122	7635793	1	0	1	NA	NA	NA	NA	NA	CN Loss	Battenberg-ASCAT
4675	4675-03-01BD	T1	17	3104	21107692	21104589	2	0	1	NA	NA	NA	NA	NA	CNN-LOH	Battenberg-ASCAT
4675	4675-04-01BD	T2	2	211860600	212031854	171255	1	0	1	NA	NA	NA	NA	NA	CN Loss	Battenberg-ASCAT
4675	4675-04-01BD	T2	2	212115918	212165522	49605	1	0	1	NA	NA	NA	NA	NA	CN Loss	Battenberg-ASCAT
4675	4675-04-01BD	T2	2	212205493	218860606	6655114	1	0	1	NA	NA	NA	NA	NA	CN Loss	Battenberg-ASCAT
4675	4675-04-01BD	T2	2	218914824	218990586	75763	1	0	1	NA	NA	NA	NA	NA	CN Loss	Battenberg-ASCAT
4675	4675-04-01BD	T2	2	219050141	219073804	23664	1	0	1	NA	NA	NA	NA	NA	CN Loss	Battenberg-ASCAT
4675	4675-04-01BD	T2	2	221225650	230970901	9745252	1	0	1	NA	NA	NA	NA	NA	CN Loss	Battenberg-ASCAT
4675	4675-04-01BD	T2	2	231003766	231034649	30884	1	0	1	NA	NA	NA	NA	NA	CN Loss	Battenberg-ASCAT
4675	4675-04-01BD	T2	3	881795	2957114	2075320	1	0	1	NA	NA	NA	NA	NA	CN Loss	Battenberg-ASCAT
4675	4675-04-01BD	T2	3	6069928	7105693	1035766	1	0	1	NA	NA	NA	NA	NA	CN Loss	Battenberg-ASCAT
4675	4675-04-01BD	T2	3	7559376	9083601	1524226	1	0	1	NA	NA	NA	NA	NA	CN Loss	Battenberg-ASCAT
4675	4675-04-01BD	T2	3	9229433	9240887	11455	1	0	1	NA	NA	NA	NA	NA	CN Loss	Battenberg-ASCAT
4675	4675-04-01BD	T2	3	9330114	10864445	1534332	1	0	1	NA	NA	NA	NA	NA	CN Loss	Battenberg-ASCAT
4675	4675-04-01BD	T2	3	10923193	11077154	153962	1	0	1	NA	NA	NA	NA	NA	CN Loss	Battenberg-ASCAT
4675	4675-04-01BD	T2	3	11107613	12554069	1446457	1	0	1	NA	NA	NA	NA	NA	CN Loss	Battenberg-ASCAT
4675	4675-04-01BD	T2	3	12570572	16283501	3712930	1	0	1	NA	NA	NA	NA	NA	CN Loss	Battenberg-ASCAT
4675	4675-04-01BD	T2	3	20039778	20053812	14035	1	0	1	NA	NA	NA	NA	NA	CN Loss	Battenberg-ASCAT
4675	4675-04-01BD	T2	3	20160728	24984516	4823789	1	0	1	NA	NA	NA	NA	NA	CN Loss	Battenberg-ASCAT
4675	4675-04-01BD	T2	3	46501213	47083621	582409	1	0	1	NA	NA	NA	NA	NA	CN Loss	Battenberg-ASCAT
4675	4675-04-01BD	T2	3	59043409	59902252	858844	1	0	1	NA	NA	NA	NA	NA	CN Loss	Battenberg-ASCAT
4675	4675-04-01BD	T2	3	59915933	59935551	19619	1	0	1	NA	NA	NA	NA	NA	CN Loss	Battenberg-ASCAT
4675	4675-04-01BD	T2	3	60408310	65769167	5360858	1	0	1	NA	NA	NA	NA	NA	CN Loss	Battenberg-ASCAT
4675	4675-04-01BD	T2	3	65845318	66152320	307003	1	0	1	NA	NA	NA	NA	NA	CN Loss	Battenberg-ASCAT
4675	4675-04-01BD	T2	3	67457498	68913396	1455899	1	0	1	NA	NA	NA	NA	NA	CN Loss	Battenberg-ASCAT
4675	4675-04-01BD	T2	3	69089847	69820167	730321	1	0	1	NA	NA	NA	NA	NA	CN Loss	Battenberg-ASCAT
4675	4675-04-01BD	T2	3	70613056	70688165	75110	1	0	1	NA	NA	NA	NA	NA	CN Loss	Battenberg-ASCAT
4675	4675-04-01BD	T2	3	73168351	74842090	1673740	1	0	1	NA	NA	NA	NA	NA	CN Loss	Battenberg-ASCAT
4675	4675-04-01BD	T2	3	75749858	76488948	739091	1	0	1	NA	NA	NA	NA	NA	CN Loss	Battenberg-ASCAT
4675	4675-04-01BD	T2	3	79264611	80605061	1340451	1	0	1	NA	NA	NA	NA	NA	CN Loss	Battenberg-ASCAT
4675	4675-04-01BD	T2	3	80687528	80695647	8120	2	0	1	NA	NA	NA	NA	NA	CNN-LOH	Battenberg-ASCAT
4675	4675-04-01BD	T2	3	89124053	89440509	316457	1	0	1	NA	NA	NA	NA	NA	CN Loss	Battenberg-ASCAT
4675	4675-04-01BD	T2	4	98530	39601640	39503111	1	0	1	NA	NA	NA	NA	NA	CN Loss	Battenberg-ASCAT
4675	4675-04-01BD	T2	4	40611679	49081182	8469504	1	0	1	NA	NA	NA	NA	NA	CN Loss	Battenberg-ASCAT
4675	4675-04-01BD	T2	4	61480450	61833966	353517	1	0	1	NA	NA	NA	NA	NA	CN Loss	Battenberg-ASCAT
4675	4675-04-01BD	T2	4	77958130	78230373	272244	1	0	1	NA	NA	NA	NA	NA	CN Loss	Battenberg-ASCAT
4675	4675-04-01BD	T2	4	106353433	109816948	3463516	1	0	1	NA	NA	NA	NA	NA	CN Loss	Battenberg-ASCAT
4675	4675-04-01BD	T2	5	850203	45320111	44469909	1	0	1	NA	NA	NA	NA	NA	CN Loss	Battenberg-ASCAT
4675	4675-04-01BD	T2	5	84550492	87786103	3235612	1	0	1	NA	NA	NA	NA	NA	CN Loss	Battenberg-ASCAT
4675	4675-04-01BD	T2	5	87787097	89110315	1323219	4	1	1	NA	NA	NA	NA	NA	CN High copy gain	Battenberg-ASCAT
4675	4675-04-01BD	T2	5	90712123	94003565	3291443	1	0	1	NA	NA	NA	NA	NA	CN Loss	Battenberg-ASCAT
4675	4675-04-01BD	T2	5	94064701	97000575	2935875	1	0	1	NA	NA	NA	NA	NA	CN Loss	Battenberg-ASCAT
4675	4675-04-01BD	T2	5	97001095	97978897	977803	2	1	1	NA	NA	NA	NA	NA	CN Gain	Battenberg-ASCAT
4675	4675-04-01BD	T2	5	97982179	101323243	3341065	1	0	1	NA	NA	NA	NA	NA	CN Loss	Battenberg-ASCAT
4675	4675-04-01BD	T2	5	101324072	140957466	39633395	2	1	1	NA	NA	NA	NA	NA	CN Gain	Battenberg-ASCAT
4675	4675-04-01BD	T2	5	142287616	147708825	5421210	1	0	1	NA	NA	NA	NA	NA	CN Loss	Battenberg-ASCAT
4675	4675-04-01BD	T2	5	147710059	147788798	78740	2	1	1	NA	NA	NA	NA	NA	CN Gain	Battenberg-ASCAT
4675	4675-04-01BD	T2	5	147789721	147827921	38201	1	0	1	NA	NA	NA	NA	NA	CN Loss	Battenberg-ASCAT
4675	4675-04-01BD	T2	5	149772280	160977757	11205478	1	0	1	NA	NA	NA	NA	NA	CN Loss	Battenberg-ASCAT
4675	4675-04-01BD	T2	5	161031824	161693582	661759	2	1	1	NA	NA	NA	NA	NA	CN Gain	Battenberg-ASCAT
4675	4675-04-01BD	T2	5	161886225	163090913	1204689	4	1	1	NA	NA	NA	NA	NA	CN High copy gain	Battenberg-ASCAT
4675	4675-04-01BD	T2	5	163095528	165211181	2115654	2	1	1	NA	NA	NA	NA	NA	CN Gain	Battenberg-ASCAT
4675	4675-04-01BD	T2	5	165211990	168309907	3097918	2	0	1	NA	NA	NA	NA	NA	CNN-LOH	Battenberg-ASCAT
4675	4675-04-01BD	T2	5	168350645	175730807	7380163	2	1	1	NA	NA	NA	NA	NA	CN Gain	Battenberg-ASCAT
4675	4675-04-01BD	T2	5	175734509	180172984	4438476	1	0	1	NA	NA	NA	NA	NA	CN Loss	Battenberg-ASCAT
4675	4675-04-01BD	T2	5	180302843	180359258	56416	1	0	1	NA	NA	NA	NA	NA	CN Loss	Battenberg-ASCAT
4675	4675-04-01BD	T2	5	180643131	180657236	14106	1	0	1	NA	NA	NA	NA	NA	CN Loss	Battenberg-ASCAT
4675	4675-04-01BD	T2	5	180660259	180722682	62424	2	1	1	NA	NA	NA	NA	NA	CN Gain	Battenberg-ASCAT
4675	4675-04-01BD	T2	6	102649596	135100341	32450746	1	0	1	NA	NA	NA	NA	NA	CN Loss	Battenberg-ASCAT
4675	4675-04-01BD	T2	7	97939987	98775511	835525	1	0	1	NA	NA	NA	NA	NA	CN Loss	Battenberg-ASCAT
4675	4675-04-01BD	T2	8	155757	18102355	17946599	1	0	1	NA	NA	NA	NA	NA	CN Loss	Battenberg-ASCAT
4675	4675-04-01BD	T2	8	18233113	18603576	370464	1	0	1	NA	NA	NA	NA	NA	CN Loss	Battenberg-ASCAT
4675	4675-04-01BD	T2	8	20044636	22001072	1956437	1	0	1	NA	NA	NA	NA	NA	CN Loss	Battenberg-ASCAT
4675	4675-04-01BD	T2	8	22662664	65926334	43263671	1	0	1	NA	NA	NA	NA	NA	CN Loss	Battenberg-ASCAT
4675	4675-04-01BD	T2	8	66019046	66085796	66751	1	0	1	NA	NA	NA	NA	NA	CN Loss	Battenberg-ASCAT
4675	4675-04-01BD	T2	8	72659540	72765107	105568	1	0	1	NA	NA	NA	NA	NA	CN Loss	Battenberg-ASCAT
4675	4675-04-01BD	T2	8	80362895	82964120	2601226	1	0	1	NA	NA	NA	NA	NA	CN Loss	Battenberg-ASCAT
4675	4675-04-01BD	T2	9	45111600	141038316	95926717	1	0	1	NA	NA	NA	NA	NA	CN Loss	Battenberg-ASCAT
4675	4675-04-01BD	T2	12	8195804	12941013	4745210	1	0	1	NA	NA	NA	NA	NA	CN Loss	Battenberg-ASCAT
4675	4675-04-01BD	T2	12	55663867	55919665	255799	1	0	1	NA	NA	NA	NA	NA	CN Loss	Battenberg-ASCAT
4675	4675-04-01BD	T2	15	20001861	42366224	22364364	1	0	1	NA	NA	NA	NA	NA	CN Loss	Battenberg-ASCAT
4675	4675-04-01BD	T2	17	3104	21107692	21104589	2	0	1	NA	NA	NA	NA	NA	CNN-LOH	Battenberg-ASCAT
4675	4675-04-01BD	T2	18	77682862	78017073	334212	1	0	1	NA	NA	NA	NA	NA	CN Loss	Battenberg-ASCAT
4675	4675-04-01BD	T2	21	22725273	23016231	290959	1	0	1	NA	NA	NA	NA	NA	CN Loss	Battenberg-ASCAT
4676	4676-02-01BD	T1	1	39454137	40852019	1397883	NA	NA	NA	NA	NA	NA	-0,8275	1	CN Loss	CNVkit
4676	4676-02-01BD	T1	3	233664	15221302	14987639	NA	NA	NA	NA	NA	NA	-0,8528	1	CN Loss	CNVkit
4676	4676-02-01BD	T1	3	17788744	25397803	7609060	NA	NA	NA	NA	NA	NA	-0,8554	1	CN Loss	CNVkit
4676	4676-02-01BD	T1	3	31071902	31588606	516705	NA	NA	NA	NA	NA	NA	-0,8319	1	CN Loss	CNVkit
4676	4676-02-01BD	T1	5	79667192	130302173	50634982	NA	NA	NA	NA	NA	NA	-0,8739	1	CN Loss	CNVkit
4676	4676-02-01BD	T1	5	138990366	147784919	8794554	NA	NA	NA	NA	NA	NA	-0,8467	1	CN Loss	CNVkit
4676	4676-02-01BD	T1	6	7130948	24507085	17376138	NA	NA	NA	NA	NA	NA	-0,8479	1	CN Loss	CNVkit
4676	4676-02-01BD	T1	6	33190330	39416538	6226209	NA	NA	NA	NA	NA	NA	-0,835	1	CN Loss	CNVkit
4676	4676-02-01BD	T1	9	7383291	21985152	14601862	NA	NA	NA	NA	NA	NA	-0,8623	1	CN Loss	CNVkit
4676	4676-02-01BD	T1	9	22035537	41846616	19811080	NA	NA	NA	NA	NA	NA	-0,4075	1	CN Loss	CNVkit
4676	4676-02-01BD	T1	9	65968360	82213893	16245534	NA	NA	NA	NA	NA	NA	-0,4269	1	CN Loss	CNVkit
4676	4676-02-01BD	T1	10	103054021	104943963	1889943	NA	NA	NA	NA	NA	NA	-0,8341	1	CN Loss	CNVkit
4676	4676-02-01BD	T1	13	49731533	51654689	1923157	NA	NA	NA	NA	NA	NA	-0,8455	1	CN Loss	CNVkit
4676	4676-02-01BD	T1	15	20044132	28039238	7995107	NA	NA	NA	NA	NA	NA	-0,9535	1	CN Loss	CNVkit
4676	4676-02-01BD	T1	15	35684302	42578313	6894012	NA	NA	NA	NA	NA	NA	-0,8576	1	CN Loss	CNVkit
4676	4676-02-01BD	T1	17	0	22221073	22221074	NA	NA	NA	NA	NA	NA	-0,8639	1	CN Loss	CNVkit
4676	4676-02-01BD	T1	17	25540518	36255620	10715103	NA	NA	NA	NA	NA	NA	0,5539	3	CN Gain	CNVkit
4676	4676-02-01BD	T1	17	45859845	81195210	35335366	NA	NA	NA	NA	NA	NA	0,5431	3	CN Gain	CNVkit
4676	4676-02-01BD	T1	19	2657320	3785005	1127686	NA	NA	NA	NA	NA	NA	-0,7262	1	CN Loss	CNVkit
4676	4676-02-01BD	T1	20	32425002	33819702	1394701	NA	NA	NA	NA	NA	NA	-0,679	1	CN Loss	CNVkit
4676	4676-02-01BD	T1	X	144821	2699246	2554426	NA	NA	NA	NA	NA	NA	-0,5445	1	CN Loss	CNVkit
4676	4676-02-01BD	T1	X	32630247	34438675	1808429	NA	NA	NA	NA	NA	NA	-0,8936	1	CN Loss	CNVkit
4676	4676-02-01BD	T1	X	57950141	58544061	593921	NA	NA	NA	NA	NA	NA	-0,8637	1	CN Loss	CNVkit
4676	4676-02-01BD	T1	X	65600542	151723864	86123323	NA	NA	NA	NA	NA	NA	-0,8682	1	CN Loss	CNVkit
4686	4686-02-01TD	T1	2	56848036	65816438	8968403	NA	NA	NA	NA	NA	NA	0,3373	3	CN Gain	CNVkit
4686	4686-02-01TD	T1	9	21824351	22496502	672152	NA	NA	NA	NA	NA	NA	-1,4888	0	CN Homozygous loss	CNVkit
4686	4686-02-01TD	T1	11	46513500	47262830	749331	NA	NA	NA	NA	NA	NA	-0,9256	1	CN Loss	CNVkit
4686	4686-02-01TD	T1	12	19016781	34432028	15415248	NA	NA	NA	NA	NA	NA	0,5632	3	CN Gain	CNVkit
4686	4686-02-01TD	T1	12	37856694	59774491	21917798	NA	NA	NA	NA	NA	NA	0,5595	3	CN Gain	CNVkit
4686	4686-02-01TD	T1	14	74072722	75245484	1172763	NA	NA	NA	NA	NA	NA	-0,8949	1	CN Loss	CNVkit
4686	4686-03-01BD	T2	5	165571178	180088385	14517208	NA	NA	NA	NA	NA	NA	0,379	3	CN Gain	CNVkit
4686	4686-03-01BD	T2	9	21824351	22496502	672152	NA	NA	NA	NA	NA	NA	-2,1823	0	CN Homozygous loss	CNVkit
4686	4686-03-01BD	T2	11	46513500	47061294	547795	NA	NA	NA	NA	NA	NA	-0,7595	1	CN Loss	CNVkit
4686	4686-03-01BD	T2	12	60000	16494383	16434384	NA	NA	NA	NA	NA	NA	-0,5517	1	CN Loss	CNVkit
4686	4686-03-01BD	T2	14	74176706	75245484	1068779	NA	NA	NA	NA	NA	NA	-0,7422	1	CN Loss	CNVkit
4686	4686-03-01BD	T2	17	58437854	79598649	21160796	NA	NA	NA	NA	NA	NA	0,7129	3	CN Gain	CNVkit
4686	4686-03-01BD	T2	21	9411193	48118822	38707630	NA	NA	NA	NA	NA	NA	0,4644	3	CN Gain	CNVkit
4687	4687-02-01TD	T1	1	206584060	207358044	773985	NA	NA	NA	NA	NA	NA	-0,9397	1	CN Loss	CNVkit
4687	4687-02-01TD	T1	2	10000	89160953	89150954	NA	NA	NA	NA	NA	NA	0,5621	3	CN Gain	CNVkit
4687	4687-02-01TD	T1	3	147684289	197962430	50278142	NA	NA	NA	NA	NA	NA	0,5651	3	CN Gain	CNVkit
4687	4687-02-01TD	T1	6	157280747	158369896	1089150	NA	NA	NA	NA	NA	NA	-0,9243	1	CN Loss	CNVkit
4687	4687-02-01TD	T1	7	30323	57939184	57908862	NA	NA	NA	NA	NA	NA	0,5541	3	CN Gain	CNVkit
4687	4687-02-01TD	T1	7	61360513	62031164	670652	NA	NA	NA	NA	NA	NA	0,411	3	CN Gain	CNVkit
4687	4687-02-01TD	T1	7	62047971	62712215	664245	NA	NA	NA	NA	NA	NA	0,9007	3	CN Gain	CNVkit
4687	4687-02-01TD	T1	7	63117341	92465614	29348274	NA	NA	NA	NA	NA	NA	0,552	3	CN Gain	CNVkit
4687	4687-02-01TD	T1	7	116714917	159128663	42413747	NA	NA	NA	NA	NA	NA	-0,9509	1	CN Loss	CNVkit
4687	4687-02-01TD	T1	8	11072	43399486	43388415	NA	NA	NA	NA	NA	NA	-0,9544	1	CN Loss	CNVkit
4687	4687-02-01TD	T1	8	47457541	146301878	98844338	NA	NA	NA	NA	NA	NA	0,9505	3	CN Gain	CNVkit
4687	4687-02-01TD	T1	10	49793860	50517640	723781	NA	NA	NA	NA	NA	NA	-0,9181	1	CN Loss	CNVkit
4687	4687-02-01TD	T1	10	52365407	52973233	607827	NA	NA	NA	NA	NA	NA	-0,9156	1	CN Loss	CNVkit
4687	4687-02-01TD	T1	10	73119395	75432779	2313385	NA	NA	NA	NA	NA	NA	-0,952	1	CN Loss	CNVkit
4687	4687-02-01TD	T1	10	102846052	105715806	2869755	NA	NA	NA	NA	NA	NA	-0,9531	1	CN Loss	CNVkit
4687	4687-02-01TD	T1	13	50437977	51737233	1299257	NA	NA	NA	NA	NA	NA	-0,9304	1	CN Loss	CNVkit
4687	4687-02-01TD	T1	13	106955455	114953327	7997873	NA	NA	NA	NA	NA	NA	-0,9264	1	CN Loss	CNVkit
4687	4687-02-01TD	T1	15	21370972	21887145	516174	NA	NA	NA	NA	NA	NA	-0,5558	1	CN Loss	CNVkit
4687	4687-02-01TD	T1	15	22461276	32332169	9870894	NA	NA	NA	NA	NA	NA	-0,9462	1	CN Loss	CNVkit
4687	4687-02-01TD	T1	15	36752011	40217776	3465766	NA	NA	NA	NA	NA	NA	-0,9514	1	CN Loss	CNVkit
4687	4687-02-01TD	T1	15	56389918	102521392	46131475	NA	NA	NA	NA	NA	NA	0,4703	3	CN Gain	CNVkit
4687	4687-02-01TD	T1	17	0	18294844	18294845	NA	NA	NA	NA	NA	NA	-0,9641	1	CN Loss	CNVkit
4687	4687-02-01TD	T1	17	19140657	20344520	1203864	NA	NA	NA	NA	NA	NA	0,6731	3	CN Gain	CNVkit
4687	4687-02-01TD	T1	17	21529087	22221073	691987	NA	NA	NA	NA	NA	NA	0,5531	3	CN Gain	CNVkit
4687	4687-02-01TD	T1	17	25575893	81155554	55579662	NA	NA	NA	NA	NA	NA	0,5113	3	CN Gain	CNVkit
4687	4687-02-01TD	T1	20	60000	15715811	15655812	NA	NA	NA	NA	NA	NA	-0,954	1	CN Loss	CNVkit
4687	4687-02-01TD	T1	20	29419569	33795046	4375478	NA	NA	NA	NA	NA	NA	-0,9676	1	CN Loss	CNVkit
4687	4687-03-01BD	T2	1	201870537	205426369	3555833	NA	NA	NA	NA	NA	NA	0,5277	3	CN Gain	CNVkit
4687	4687-03-01BD	T2	1	206584060	207358044	773985	NA	NA	NA	NA	NA	NA	-0,8423	1	CN Loss	CNVkit
4687	4687-03-01BD	T2	2	10000	89160953	89150954	NA	NA	NA	NA	NA	NA	0,5549	3	CN Gain	CNVkit
4687	4687-03-01BD	T2	3	147684289	197884350	50200062	NA	NA	NA	NA	NA	NA	0,5428	3	CN Gain	CNVkit
4687	4687-03-01BD	T2	6	157280747	158369896	1089150	NA	NA	NA	NA	NA	NA	-0,8445	1	CN Loss	CNVkit
4687	4687-03-01BD	T2	6	158887688	170924206	12036519	NA	NA	NA	NA	NA	NA	0,5383	3	CN Gain	CNVkit
4687	4687-03-01BD	T2	7	30323	57939184	57908862	NA	NA	NA	NA	NA	NA	0,5459	3	CN Gain	CNVkit
4687	4687-03-01BD	T2	7	61360513	62049315	688803	NA	NA	NA	NA	NA	NA	0,466	3	CN Gain	CNVkit
4687	4687-03-01BD	T2	7	62054339	62716502	662164	NA	NA	NA	NA	NA	NA	0,9023	3	CN Gain	CNVkit
4687	4687-03-01BD	T2	7	63117341	92466686	29349346	NA	NA	NA	NA	NA	NA	0,5447	3	CN Gain	CNVkit
4687	4687-03-01BD	T2	7	116714917	159128663	42413747	NA	NA	NA	NA	NA	NA	-0,8584	1	CN Loss	CNVkit
4687	4687-03-01BD	T2	8	11072	43399486	43388415	NA	NA	NA	NA	NA	NA	-0,8643	1	CN Loss	CNVkit
4687	4687-03-01BD	T2	8	47457541	146301878	98844338	NA	NA	NA	NA	NA	NA	0,5287	3	CN Gain	CNVkit
4687	4687-03-01BD	T2	10	49793860	50517640	723781	NA	NA	NA	NA	NA	NA	-0,8631	1	CN Loss	CNVkit
4687	4687-03-01BD	T2	10	52366479	52973233	606755	NA	NA	NA	NA	NA	NA	-0,8553	1	CN Loss	CNVkit
4687	4687-03-01BD	T2	10	73119395	75433851	2314457	NA	NA	NA	NA	NA	NA	-0,8466	1	CN Loss	CNVkit
4687	4687-03-01BD	T2	10	102846052	105715806	2869755	NA	NA	NA	NA	NA	NA	-0,8496	1	CN Loss	CNVkit
4687	4687-03-01BD	T2	12	11523556	13058649	1535094	NA	NA	NA	NA	NA	NA	-0,8552	1	CN Loss	CNVkit
4687	4687-03-01BD	T2	12	15144745	20772704	5627960	NA	NA	NA	NA	NA	NA	-0,8644	1	CN Loss	CNVkit
4687	4687-03-01BD	T2	12	29970396	34432028	4461633	NA	NA	NA	NA	NA	NA	-0,8571	1	CN Loss	CNVkit
4687	4687-03-01BD	T2	12	37856694	62716040	24859347	NA	NA	NA	NA	NA	NA	-0,8563	1	CN Loss	CNVkit
4687	4687-03-01BD	T2	12	71801182	133841895	62040714	NA	NA	NA	NA	NA	NA	-0,8651	1	CN Loss	CNVkit
4687	4687-03-01BD	T2	13	50437977	51737233	1299257	NA	NA	NA	NA	NA	NA	-0,8273	1	CN Loss	CNVkit
4687	4687-03-01BD	T2	13	51737234	106955455	55218223	NA	NA	NA	NA	NA	NA	0,5297	3	CN Gain	CNVkit
4687	4687-03-01BD	T2	13	106955456	114954400	7998946	NA	NA	NA	NA	NA	NA	-0,878	1	CN Loss	CNVkit
4687	4687-03-01BD	T2	15	21385966	32332169	10946204	NA	NA	NA	NA	NA	NA	-0,8702	1	CN Loss	CNVkit
4687	4687-03-01BD	T2	15	36752011	40216704	3464694	NA	NA	NA	NA	NA	NA	-0,8539	1	CN Loss	CNVkit
4687	4687-03-01BD	T2	15	56389918	102509599	46119682	NA	NA	NA	NA	NA	NA	0,5301	3	CN Gain	CNVkit
4687	4687-03-01BD	T2	17	0	19132081	19132082	NA	NA	NA	NA	NA	NA	-0,8548	1	CN Loss	CNVkit
4687	4687-03-01BD	T2	17	19140657	20345592	1204936	NA	NA	NA	NA	NA	NA	0,5349	3	CN Gain	CNVkit
4687	4687-03-01BD	T2	17	21526943	22221073	694131	NA	NA	NA	NA	NA	NA	0,484	3	CN Gain	CNVkit
4687	4687-03-01BD	T2	17	25263006	52061480	26798475	NA	NA	NA	NA	NA	NA	0,5332	3	CN Gain	CNVkit
4687	4687-03-01BD	T2	17	52061481	54835867	2774388	NA	NA	NA	NA	NA	NA	1,2146	5	CN High copy gain	CNVkit
4687	4687-03-01BD	T2	20	60000	15715811	15655812	NA	NA	NA	NA	NA	NA	-0,8667	1	CN Loss	CNVkit
4687	4687-03-01BD	T2	20	29419569	33796118	4376550	NA	NA	NA	NA	NA	NA	-0,8472	1	CN Loss	CNVkit
4690	4690-02-01TD	T1-PB	1	61918871	89478800	27559930	NA	NA	NA	NA	NA	NA	-0,3238	1	CN Loss	CNVkit
4690	4690-02-01TD	T1-PB	9	67005753	67801461	795709	NA	NA	NA	NA	NA	NA	-0,3099	1	CN Loss	CNVkit
4690	4690-02-01TD	T1-PB	11	79976629	115429949	35453321	NA	NA	NA	NA	NA	NA	-0,4419	1	CN Loss	CNVkit
4690	4690-02-01TD	T1-PB	14	59610446	77131122	17520677	NA	NA	NA	NA	NA	NA	-0,3419	1	CN Loss	CNVkit
4690	4690-02-01TD	T1-PB	21	10525694	11071166	545473	NA	NA	NA	NA	NA	NA	0,3826	3	CN Gain	CNVkit
4690	4690-03-01BD	T1-LN	1	92635	623964	531330	NA	NA	NA	NA	NA	NA	0,2049	3	CN Gain	CNVkit
4690	4690-03-01BD	T1-LN	1	61917799	89478800	27561002	NA	NA	NA	NA	NA	NA	-0,1573	1	CN Loss	CNVkit
4690	4690-03-01BD	T1-LN	9	67015423	67800389	784967	NA	NA	NA	NA	NA	NA	-0,3245	1	CN Loss	CNVkit
4690	4690-03-01BD	T1-LN	10	48711615	49300618	589004	NA	NA	NA	NA	NA	NA	-0,1752	1	CN Loss	CNVkit
4690	4690-03-01BD	T1-LN	11	79974485	114620600	34646116	NA	NA	NA	NA	NA	NA	-0,198	1	CN Loss	CNVkit
4690	4690-03-01BD	T1-LN	12	3087317	6071776	2984460	NA	NA	NA	NA	NA	NA	-0,1507	1	CN Loss	CNVkit
4690	4690-03-01BD	T1-LN	13	48973634	49761549	787916	NA	NA	NA	NA	NA	NA	-0,1722	1	CN Loss	CNVkit
4690	4690-03-01BD	T1-LN	14	59608302	77135410	17527109	NA	NA	NA	NA	NA	NA	-0,1718	1	CN Loss	CNVkit
4690	4690-03-01BD	T1-LN	15	21318493	21941842	623350	NA	NA	NA	NA	NA	NA	0,4895	3	CN Gain	CNVkit
4690	4690-03-01BD	T1-LN	16	32143560	33816133	1672574	NA	NA	NA	NA	NA	NA	-0,2963	1	CN Loss	CNVkit
